Product Name,Product Price,Product Quantity,Product Brand,Product Category,Product Tag,Product Discount,Link to Product
MASSIMO SANDWICH LOAF W.WHEAT GERM 400G,RM3.50,8,Massimo,"All items,Bakery,Best Seller,Bread,Except Alcohol,Groceries","Bakery,Best Seller,Bread,Massimo,whole wheat",,https://vsj.bites.com.my/collections/groceries/products/massimo-sandwich-loaf-w-wheat-germ-400g
VITAGEN ASST TWIN PACK 2X5X125ML,RM9.90 RM9.78,20,Vitagen,"All items,Beverages,Chilled Juices & Drinks,CNY Fair,Cold Beverages,Dairy & Eggs,Except Alcohol,Fridge,Groceries,Milk","Beverages,Chilled Drinks,CNY Fair,Dairy,Fridge,Milk,On Sale,Vitagen",-2%,https://vsj.bites.com.my/collections/groceries/products/vitagen-asst-twin-pack-2x5x125ml
MAGGI CURRY 5X79G,RM6.25 RM5.78,46,Maggi,"All items,Canned Food & Instant Meals,Childhood Memories,Childhood Memories,Except Alcohol,Groceries,Pantry","Childhood Memories,Groceries,Instant Food,Instant Meals,Instant Noodles,Maggi,On Sale,Pantry",-8%,https://vsj.bites.com.my/collections/groceries/products/maggi-curry-5x79g
JASMINE SUNWHITE FRAGRANT RICE 5KG,RM37.05 RM31.88,3,Jasmine,"All items,CNY Fair,Except Alcohol,Groceries,Pantry,Pasta, Rice & Noodles,Rice","CNY Fair,Fragrant Rice,Groceries,Jasmine,On Sale,Pantry,Rice",-14%,https://vsj.bites.com.my/collections/groceries/products/jasmine-sunwhite-fragrant-rice-5kg
VITAGEN LESS SUGAR ASST TWIN PACK 2X5X125ML,RM10.65,9,Vitagen,"All items,Beverages,Chilled Juices & Drinks,Christmas Fair,Cold Beverages,Dairy & Eggs,Except Alcohol,Fridge,Groceries","Beverages,Chilled Drinks,Christmas Fair,Cultured Milk,Dairy,Fridge,Groceries,Vitagen",,https://vsj.bites.com.my/collections/groceries/products/vitagen-less-sugar-asst-twin-pack-2x5x125ml
MISSION TORTILLA ORIGINAL WRAPS 360G,RM8.60,16,Mission,"All items,Bakery,Bread,Except Alcohol,Groceries","Bakery,Bread,Groceries,Mission",,https://vsj.bites.com.my/collections/groceries/products/mission-tortilla-original-wraps-360g
DUTCH LADY UHT FULL CREAM 3X1L,RM21.70 RM18.88,9999,Dutch Lady,"All items,Beverages,Dairy & Eggs,Except Alcohol,Fridge,Groceries,UHT Milk","Beverages,Dairy,Dutch Lady,Groceries,On Sale,UHT Milk",-13%,https://vsj.bites.com.my/collections/groceries/products/dutch-lady-uht-full-cream-3x1l
ANCHOR WHEAT FLOUR 1KG,RM3.90,62,Anchor,"All items,Baking Ingredients,Except Alcohol,Groceries,Pantry","Anchor,Baking,Flour,Groceries,Pantry",,https://vsj.bites.com.my/collections/groceries/products/anchor-wheat-flour-1kg
ARNOTTS TIM TAM ORIGINAL 200G,RM15.50 RM14.28,30,Arnott's,"All items,Biscuits & Cookies,Christmas Fair,Except Alcohol,Groceries,October Deals,Pantry,Snacks & Sweets","Arnott's,Biscuits,Christmas Fair,Cookies,Groceries,October Deals,On Sale,Pantry,Snacks",-8%,https://vsj.bites.com.my/collections/groceries/products/arnotts-tim-tam-original-200g
GARDENIA NUMEE YELLOW NOODLES 450G,RM2.00,5,Gardenia,"All items,Except Alcohol,Groceries,Pantry","Gardenia,Groceries,Noodle,Pantry",,https://vsj.bites.com.my/collections/groceries/products/gardenia-numee-yellow-noodles-450g
GARDENIA BUN SAMBAL BILIS 60G,RM1.60,21,Gardenia,"All items,Bakery,Bread,Except Alcohol,Groceries,Pantry","Bakery,Bread,Gardenia,Groceries,Pantry",,https://vsj.bites.com.my/collections/groceries/products/gardenia-bun-sambal-bilis-60g
AYAM BRAND TUNA CHUNK IN WATER 150G,RM7.70 RM7.49,37,Ayam Brand,"All items,Canned Food & Instant Meals,Except Alcohol,Groceries,Pantry","Ayam Brand,Canned Food,Groceries,Instant Meals,On Sale,Pantry",-3%,https://vsj.bites.com.my/collections/groceries/products/ayam-brand-tuna-chunk-in-water-150gm
UFC REFRESH COCONUT WATER 1L,RM9.00,24,UFC,"All items,Beverages,Except Alcohol,Groceries","Beverages,Coconut Water,Groceries,Mixed Drink,UFC",,https://vsj.bites.com.my/collections/groceries/products/ufc-refresh-coconut-water-1l
PREGO SPAGHETTI 500G,RM5.20 RM4.88,28,Prego,"All items,Christmas Fair,CNY Fair,Except Alcohol,Groceries,Pantry,Pasta,Pasta, Rice & Noodles","Christmas Fair,CNY Fair,Groceries,On Sale,Pantry,Pasta,Prego",-7%,https://vsj.bites.com.my/collections/groceries/products/prego-spaghetti-500g
ARNOTTS CHOC TIM TAM CLASSIC DARK 200G,RM15.50 RM14.28,28,Arnott's,"All items,Biscuits & Cookies,Christmas Fair,Except Alcohol,Groceries,October Deals,Pantry,Snacks & Sweets","Arnott's,Biscuits,Christmas Fair,Cookies,Groceries,October Deals,On Sale,Pantry,Snacks",-8%,https://vsj.bites.com.my/collections/groceries/products/arnotts-choc-tim-tam-classic-dark-200g
MILO RTD UHT 5+1X200ML,RM10.45,9,Bites Shop,"All items,Beverages,Except Alcohol,Groceries","Back 2 Skool,beverages,Cold Drinks,groceries,Malt Drinks,Milo,Sahur",,https://vsj.bites.com.my/collections/groceries/products/milo-rtd-uht-5-1x200ml
JASMINE BIHUN 400G,RM3.50,23,Jasmine,"All items,Except Alcohol,Groceries,Pantry,Pasta, Rice & Noodles","Bihun,Groceries,Jasmine,Noodles,Pantry,Vermicelli",,https://vsj.bites.com.my/collections/groceries/products/jasmine-bihun-400g
SAN REMO SPAGHETTI NO.5 500GM,RM5.30 RM4.68,22,San Remo,"All items,Christmas Fair,CNY Fair,Except Alcohol,Groceries,Pantry,Pasta,Pasta, Rice & Noodles","Christmas Fair,CNY Fair,Groceries,Noodles,On Sale,Pantry,Pasta,San Remo,Spaghetti",-12%,https://vsj.bites.com.my/collections/groceries/products/san-remo-spaghetti-no-5-500gm
VITAGEN ASSORTED 5X125ML,RM5.10,14,Vitagen,"All items,Beverages,Chilled Juices & Drinks,Cold Beverages,Dairy & Eggs,Except Alcohol,Fridge,Groceries,Milk","Beverages,Chilled Drinks,Dairy,Fridge,Milk,Vitagen",,https://vsj.bites.com.my/collections/groceries/products/vitagen-assorted-5x125ml
MILO AUSTRALIA 1KG,RM50.90,81,Milo,"All items,Beverages,Except Alcohol,Groceries,Hot Beverages","Beverages,Chocolate Drinks,Groceries,Hot Beverages,Milo,Nestle",,https://vsj.bites.com.my/collections/groceries/products/milo-australia-1kg
AYAM BRAND SARDINES TALL 425G,RM10.45,14,Ayam Brand,"All items,Canned Food & Instant Meals,Except Alcohol,Groceries,Pantry","Ayam Brand,Canned Food,Groceries,Instant Meals,Pantry",,https://vsj.bites.com.my/collections/groceries/products/ayam-brand-sardines-tall-425g
BARILLA SPAGHETTI 500G,RM8.15 RM7.28,20,Barilla,"All items,Except Alcohol,Groceries,Pantry,Pasta,Pasta, Rice & Noodles","Barilla,Groceries,On Sale,Pantry,Pasta",-11%,https://vsj.bites.com.my/collections/groceries/products/barilla-spaghetti-500g
MASSIMO WHITE S.LOAF 600G,RM4.30,7,Massimo,"All items,Bakery,Bread,Except Alcohol,Groceries","Bakery,Bread,Massimo",,https://vsj.bites.com.my/collections/groceries/products/massimo-white-s-loaf-600g
FARMHOUSE FRESH MILK 2X1L,RM24.35 RM22.68,6,Farmhouse,"All items,Beverages,Dairy & Eggs,Except Alcohol,Fridge,Groceries,Milk","Beverages,Dairy,FarmhouseFridge,Groceries,Milk,On Sale",-7%,https://vsj.bites.com.my/collections/groceries/products/farmhouse-fresh-milk-2x1l
MAGGI TOMATO KETCHUP 475G,RM5.95 RM5.58,10,Maggi,"All items,Except Alcohol,Groceries,Pantry,Sauces, Oil & Vinegar","groceries,Maggi,On Sale,pantry,Sauces,tomato ketchup",-7%,https://vsj.bites.com.my/collections/groceries/products/maggi-tomato-ketchup-475g
FAIZA MOGHUL BASMATHI RICE 5KG,RM51.90,3,Faiza,"All items,Except Alcohol,Groceries,Pantry,Pasta, Rice & Noodles,Rice","Faiza,Groceries,Pantry,Rice",,https://vsj.bites.com.my/collections/groceries/products/faiza-moghul-basmathi-rice-5kg
AYAM BRAND CHILLI TUNA 160G,RM7.70 RM7.49,14,Ayam Brand,"All items,Canned Food & Instant Meals,Except Alcohol,Groceries,Pantry","Ayam Brand,Canned Food,Groceries,Instant Meals,On Sale,Pantry",-3%,https://vsj.bites.com.my/collections/groceries/products/ayam-brand-chilli-tuna-160gm
VITAGEN APPLE 5X125ML,RM4.95,9,Vitagen,"All items,Beverages,Chilled Juices & Drinks,Cold Beverages,Dairy & Eggs,Except Alcohol,Fridge,Groceries,Milk","Beverages,Chilled Drinks,Dairy,Fridge,Milk,Vitagen",,https://vsj.bites.com.my/collections/groceries/products/vitagen-apple-5x125ml
CSR NATURAL BROWN SUGAR 1KG,RM5.45,3,CSR,"All items,Cooking Ingredients,Except Alcohol,Groceries,Nuts, Seeds & Dried Goods,Pantry","Cooking,Cooking Ingredients,Dried Goods,Groceries,Pantry,Sugar",,https://vsj.bites.com.my/collections/groceries/products/csr-natural-brown-sugar-1kg
JASMINE SUNWHITE FRAGRANT RICE 10KG,RM71.00 RM59.88,6,Jasmine,"All items,Except Alcohol,Groceries,Pantry,Pasta, Rice & Noodles,Rice","Fragrant Rice,Groceries,Jasmine,On Sale,Pantry,Rice",-16%,https://vsj.bites.com.my/collections/groceries/products/jasmine-sunwhite-fragrant-rice-10kg
SANITARIUM SO GOOD ALMOND MILK UNSWEETENED 1L,RM12.20 RM10.68,35,Sanitarium,"All items,Beverages,Christmas Fair,CNY Fair,Dairy & Eggs,Except Alcohol,Fridge,Groceries,Milk","Almond Milk,Beverages,Christmas Fair,CNY Fair,Dairy,Groceries,Milk,On Sale,Sanitarium",-13%,https://vsj.bites.com.my/collections/groceries/products/sanitarium-so-good-almond-milk-unsweetened-1l
VITAGEN ASST LESS SUGAR 5X125ML,RM5.40,7,Vitagen,"All items,Beverages,Chilled Juices & Drinks,Cold Beverages,Dairy & Eggs,Except Alcohol,Fridge,Groceries,Milk","Beverages,Chilled Drinks,Dairy,Fridge,Groceries,Milk,Vitagen",,https://vsj.bites.com.my/collections/groceries/products/vitagen-asst-less-sugar-5x125ml
SPRITZER MINERAL WATER 9.5L,RM10.90,2,Spritzer,"All items,Best Seller,Beverages,Except Alcohol,Groceries,Water","Best Seller,Beverages,Groceries,Mineral Water,Spritzer,Water",,https://vsj.bites.com.my/collections/groceries/products/spritzer-mineral-water-95l
STAR FLAVOUR VANILLA 25ML,RM3.00 RM2.88,15,Star Brand,"All items,Baking Ingredients,CNY Fair,Except Alcohol,Groceries,Pantry","Baking,CNY Fair,Colouring,Groceries,On Sale,Pantry,Star Brand",-4%,https://vsj.bites.com.my/collections/groceries/products/star-flavour-vanilla-25ml
AYAM BRAND TRIM COCONUT MILK 200ML,RM3.30,11,Ayam Brand,"All items,Cooking Ingredients,Except Alcohol,Groceries,Pantry","Ayam Brand,Condiment,Cooking,Groceries,Pantry",,https://vsj.bites.com.my/collections/groceries/products/ayam-brand-trim-coconut-milk-200ml
OREO VANILLA 119.6G,RM3.50 RM3.18,23,Oreo,"All items,Biscuits & Cookies,Christmas Fair,CNY Fair,Except Alcohol,Groceries,Pantry,Snacks & Sweets","Biscuits,Christmas Fair,CNY Fair,On Sale,Oreo,Pantry,Snacks",-10%,https://vsj.bites.com.my/collections/groceries/products/oreo-vanilla-119-6g
AYAM BRAND TUNA CHUNKS IN OLIVE OIL LIGHT 150G,RM7.70 RM7.49,31,Ayam Brand,"All items,Canned Food & Instant Meals,Except Alcohol,Groceries,Pantry","Ayam Brand,Canned Food,Groceries,Instant Meals,On Sale,Pantry",-3%,https://vsj.bites.com.my/collections/groceries/products/ayam-brand-tuna-light-chunk-i-olive-oil-150gm
MAGGI CHICKEN 5X77G,RM6.25 RM5.78,5,Maggi,"All items,Canned Food & Instant Meals,Childhood Memories,Childhood Memories,Except Alcohol,Groceries,Pantry","Childhood Memories,Groceries,Instant Food,Instant Meals,Instant Noodles,Maggi,On Sale,Pantry",-8%,https://vsj.bites.com.my/collections/groceries/products/maggi-chicken-5x77g
CARNATION EVAPORATED CREAMER 390G,RM4.25 RM3.98,20,Carnation,"All items,Childhood Memories,Childhood Memories,Except Alcohol,Groceries,Pantry","Carnation,Childhood Memories,Creamer,Evaporated Creamer,Groceries,On Sale,Pantry",-7%,https://vsj.bites.com.my/collections/groceries/products/carnation-evaporated-creamer-390g
MAGGI BIG CHICKEN 5X103G,RM7.10,4,Maggi,"All items,Canned Food & Instant Meals,Except Alcohol,Groceries,Pantry","Groceries,Instant Meals,Instant Noodles,Maggi,Pantry",,https://vsj.bites.com.my/collections/groceries/products/maggi-big-chicken-5x103g
PREGO MACARONI 500G,RM5.20 RM4.88,18,Prego,"All items,Christmas Fair,CNY Fair,Except Alcohol,Groceries,Pantry,Pasta,Pasta, Rice & Noodles","Christmas Fair,CNY Fair,Groceries,On Sale,Pantry,Pasta,Prego",-7%,https://vsj.bites.com.my/collections/groceries/products/prego-macaroni-500g
MARIGOLD 100% JUICE APPLE 1L,RM7.35 RM5.88,9,Marigold,"All items,Beverages,Christmas Fair,Except Alcohol,Groceries,Juices & Fruit Drinks","Beverages,Christmas Fair,Fruit Drinks,Groceries,Juices,Marigold,On Sale",-20%,https://vsj.bites.com.my/collections/groceries/products/marigold-100-juice-apple-1l
LOTUS CARAMELISED BISCUITS 2SX8 124G,RM7.15,6,Biscoff,"All items,Biscuits & Cookies,Except Alcohol,Groceries,Pantry,Snacks & Sweets","Biscuits,Cookies,Groceries,Lotus,Lotus Biscoff,Pantry,Snacks",,https://vsj.bites.com.my/collections/groceries/products/lotus-caramelised-biscuits-2sx8-124g
MISSION TORTILLA CHIPS ORIGINAL 170G,RM7.80,8,Mission,"All items,Chips & Crackers,Except Alcohol,Groceries,Pantry,Snacks & Sweets","Chips,Groceries,Mission,Pantry,Snacks",,https://vsj.bites.com.my/collections/groceries/products/mission-tortilla-chips-original-170g
FARMHOUSE HICAL LOW FAT 2X1L,RM24.35 RM22.68,15,Farmhouse,"All items,Beverages,Dairy & Eggs,Except Alcohol,Fridge,Groceries,Milk","Beverages,Dairy,FarmhouseFridge,Groceries,Milk,On Sale",Discount not found,https://vsj.bites.com.my/collections/groceries/products/farmhouse-hical-low-fat-2x1l
VITAGEN GRAPE 5X125ML,RM4.95,34,Vitagen,"All items,Beverages,Chilled Juices & Drinks,Cold Beverages,Dairy & Eggs,Except Alcohol,Fridge,Groceries,Milk","Beverages,Chilled Drinks,Dairy,Fridge,Milk,Vitagen",,https://vsj.bites.com.my/collections/groceries/products/vitagen-grape-5x125ml
AYAM BRAND BAKED BEAN LIGHT 425GM,RM4.60,6,Ayam Brand,"All items,Canned Food & Instant Meals,Except Alcohol,Groceries,Pantry","Ayam Brand,Canned Food,Groceries,Instant Meals,Pantry",,https://vsj.bites.com.my/collections/groceries/products/ayam-brand-baked-bean-light-425gm
DUTCH LADY UHT LOW FAT 3X1L,RM21.70 RM18.88,10,Dutch Lady,"All items,Beverages,Dairy & Eggs,Except Alcohol,Fridge,Groceries,UHT Milk","Beverages,Dairy,Dutch Lady,Groceries,On Sale,UHT Milk",-13%,https://vsj.bites.com.my/collections/groceries/products/dutch-lady-uht-low-fat-3x1l
AYAM BRAND BAKED BEANS IN T/S 230GM,RM3.35,11,Ayam Brand,"All items,Canned Food & Instant Meals,Except Alcohol,Groceries,Pantry","Ayam Brand,Canned Food,Groceries,Instant Meals,Pantry",,https://vsj.bites.com.my/collections/groceries/products/ayam-brand-baked-beans-in-t-s-230gm
MAGGI BIG CURRY 5X106G,RM7.10,39,Maggi,"All items,Canned Food & Instant Meals,Except Alcohol,Groceries,Pantry","Groceries,Instant Meals,Instant Noodles,Maggi,Pantry",Discount not found,https://vsj.bites.com.my/collections/groceries/products/maggi-big-curry-5x106g
INDOMIE MI GORENG ASLI (PROMO) 10X80G,RM10.69 RM9.98,27,Indomie,"All items,Canned Food & Instant Meals,Except Alcohol,Groceries,Pantry","Groceries,Indomie,Instant Meals,Instant Noodles,On Sale,Pantry",-7%,https://vsj.bites.com.my/collections/groceries/products/indomie-mi-goreng-asli-promo-10x80g
SAN REMO MACARONI NO.38 500GM,RM5.40 RM4.68,20,San Remo,"All items,Except Alcohol,Groceries,Pantry,Pasta,Pasta, Rice & Noodles","Groceries,Noodles,On Sale,Pantry,Pasta,San Remo",-14%,https://vsj.bites.com.my/collections/groceries/products/san-remo-macaroni-no-38-500gm
COCA-COLA ZERO SUGAR 1.5L,RM4.50 RM3.78,16,Coca-Cola,"All items,Beverages,Carbonated Drinks,Except Alcohol,Groceries","Beverages,Carbonated Drinks,Coca-Cola,Coke,Cola,Groceries,On Sale",-16%,https://vsj.bites.com.my/collections/groceries/products/coca-cola-zero-sugar-1-5l
SUMO CALROSE RICE 5KG,RM36.90 RM28.88,3,Sumo,"All items,Christmas Fair,CNY Fair,Except Alcohol,Groceries,Pantry,Pasta, Rice & Noodles,Rice","Christmas Fair,CNY Fair,Grains,Groceries,Japanese Rice,On Sale,Pantry,Rice,Sumo",-22%,https://vsj.bites.com.my/collections/groceries/products/sumo-calrose-rice-5kg
MCVITIE'S DARK CHOC TP 632G,RM21.90,12,McVities,"All items,Biscuits & Cookies,Except Alcohol,Groceries,Pantry,Snacks & Sweets","Biscuits,groceries,McVitie's,pantry,Snacks",,https://vsj.bites.com.my/collections/groceries/products/mcvities-dark-choc-tp-632g
BARILLA SPAGHETTINI N3 500G,RM8.15 RM7.28,28,Barilla,"All items,Except Alcohol,Groceries,Pantry,Pasta,Pasta, Rice & Noodles","Barilla,Groceries,On Sale,Pantry,Pasta",-11%,https://vsj.bites.com.my/collections/groceries/products/barilla-spaghettini-n3-500g
CARLSBERG BEER CAN (GL) 6X320ML,RM44.00 RM32.88,64,Carlsberg,"Alcohol,All items,Beer,Beer & Cider,Beverages,Beverages Offer,Groceries","Alcohol,Beer,Beverages,Beverages Offer,Booze,Carlsberg,On Sale",-26%,https://vsj.bites.com.my/collections/groceries/products/carlsberg-beer-can-gl-6x320ml
AYAM BRAND SARDINE JITNEY 155G,RM5.15,65,Ayam Brand,"All items,Canned Food & Instant Meals,Except Alcohol,Groceries,Pantry","Ayam Brand,Canned Food,Groceries,Instant Meals,Pantry",,https://vsj.bites.com.my/collections/groceries/products/ayam-brand-sardine-jitney-155g
MISSION TORTILLA CHIPS CHEESE 170G,RM7.80,9,Mission,"All items,Chips & Crackers,Except Alcohol,Groceries,Pantry,Snacks & Sweets","Chips,Groceries,Mission,Pantry,Snacks",,https://vsj.bites.com.my/collections/groceries/products/mission-tortilla-chips-cheese-170g
MISSION WRAPS GARLIC 8'S 360GM,RM8.60,27,Mission,"All items,Bakery,Bread,Except Alcohol,Groceries","Bakery,Bread,Groceries,Mission",,https://vsj.bites.com.my/collections/groceries/products/mission-wraps-garlic-8-s-360gm
COCA COLA RASA ASLI 1.5L,RM4.50 RM3.78,16,Coca-Cola,"*Raya Fair,All items,Beverages,Carbonated Drinks,Except Alcohol,Groceries","Beverages,Carbonated Drinks,Coca-Cola,Coke,Cola,Groceries,On Sale,Salam Aidilfitri",-16%,https://vsj.bites.com.my/collections/groceries/products/coca-cola-rasa-asli-1-5l
KEWPIE MAYONNAISE JAPANESE STYLE 310ML,RM11.35,32,Kewpie,"All items,Condiments & Salad Dressings,Except Alcohol,Groceries,Pantry","Condiments,groceries,Kewpie,mayonnaise,pantry",,https://vsj.bites.com.my/collections/groceries/products/kewpie-mayonnaise-japanese-style-310ml
LKK PANDA OYSTER SAUCE 510G,RM9.00,15,Lee Kum Kee,"All items,Except Alcohol,Groceries,Pantry,Sauces, Oil & Vinegar","Lee Kum Kee,Oyster Sauce,Pantry,Sauces",,https://vsj.bites.com.my/collections/groceries/products/lkk-panda-oyster-sauce-510g
AYAM BRAND CHILLI TUNA LIGHT 160G,RM7.70 RM7.49,7,Ayam Brand,"All items,Canned Food & Instant Meals,Except Alcohol,Groceries,Pantry","Ayam Brand,Canned Food,Groceries,Instant Meals,On Sale,Pantry",-3%,https://vsj.bites.com.my/collections/groceries/products/ayam-brand-chilli-tuna-light-160gm
MAGGI CHICKEN STOCK CUBE 60G,RM3.40,59,Maggi,"All items,Cooking Ingredients,Except Alcohol,Groceries,Herbs & Spices,Pantry","groceries,Maggi,pantry,Seasoning",,https://vsj.bites.com.my/collections/groceries/products/maggi-chicken-stock-cube-60g
HOMESOY NO SUGAR ADDED 1L,RM3.90 RM3.58,5,Homesoy,"All items,Beverages,CNY Fair,Dairy & Eggs,Except Alcohol,Fridge,Groceries,Mixed Drinks & Cordials","Beverages,CNY Fair,Dairy,Groceries,Homesoy,Mixed Drinks,On Sale,Soy Drinks,Soy Milk",-9%,https://vsj.bites.com.my/collections/groceries/products/homesoy-no-sugar-added-1l
F&N SCFM PEKAT MANIS 500G,RM5.55,23,Bites Shop,"All items,Beverages,Except Alcohol,Groceries,Hot Beverages","Beverages,Creamer,F&N,Groceries,Hot Beverages,Sweetener",,https://vsj.bites.com.my/collections/groceries/products/fn-scfm-pekat-manis-500g
MAGGI CHILLI SAUCE 500G,RM6.00 RM5.58,11,Maggi,"All items,Childhood Memories,Childhood Memories,Condiments & Salad Dressings,Except Alcohol,Groceries,Pantry,Sauces, Oil & Vinegar","Childhood Memories,Chilli Sauce,Condiments,Groceries,Maggi,On Sale,Pantry,Sauces",-7%,https://vsj.bites.com.my/collections/groceries/products/maggi-chilli-sauce-500g
SUMO CALROSE RICE 1KG,RM11.10,24,Sumo,"All items,Except Alcohol,Groceries,Pantry,Pasta, Rice & Noodles,Rice","Grains,Groecries,Pantry,Rice,Sumo",,https://vsj.bites.com.my/collections/groceries/products/sumo-calrose-rice-1kg
ARNOTTS TIM TAM DOUBLE CHOCOLATE 200G,RM15.50 RM14.28,14,Arnott's,"All items,Biscuits & Cookies,Christmas Fair,Except Alcohol,Groceries,October Deals,Pantry,Snacks & Sweets","Arnott's,Biscuits,Christmas Fair,Cookies,Groceries,October Deals,On Sale,Pantry,Snacks",-8%,https://vsj.bites.com.my/collections/groceries/products/arnotts-tim-tam-double-chocolate-200g
GARDENIA TOAST'EM CHOCO RAISIN 360G,RM5.50,27,Gardenia,"All items,Bakery,Bread,Except Alcohol,Groceries,Pantry","Bakery,Bread,Gardenia,Groceries,Pantry",,https://vsj.bites.com.my/collections/groceries/products/gardenia-toast-em-choco-raisin-360g
MAGGI TOMATO SAUCE 325G,RM4.45,30,Maggi,"All items,Except Alcohol,Groceries,Pantry,Sauces, Oil & Vinegar","groceries,Maggi,pantry,Sauces,tomato ketchup",,https://vsj.bites.com.my/collections/groceries/products/maggi-tomato-sauce-325g
ADABI ASAM JAWA XTRA 200G,RM5.10,10,Adabi,"All items,Except Alcohol,Groceries,Pantry","Adabi,Asam Jawa,Cooking Ingredients,Groceries,Pantry",,https://vsj.bites.com.my/collections/groceries/products/adabi-asam-jawa-xtra-200g
SANITARIUM SO GOOD ALMOND MILK 1L,RM12.20 RM10.68,34,Sanitarium,"All items,Beverages,Christmas Fair,CNY Fair,Dairy & Eggs,Except Alcohol,Fridge,Groceries,Milk","Almond Milk,Beverages,Christmas Fair,CNY Fair,Dairy,Groceries,Milk,On Sale,Sanitarium",-13%,https://vsj.bites.com.my/collections/groceries/products/sanitarium-so-good-almond-milk-1l
CSR BETTER BROWN SUGAR 1KG,RM5.95,4,CSR,"All items,Baking Ingredients,Cooking Ingredients,Except Alcohol,Groceries,Nuts, Seeds & Dried Goods,Pantry","Baking,Baking Ingredients,Cooking,Cooking Ingredients,Dried Goods,Groceries,Pantry,Sugar",,https://vsj.bites.com.my/collections/groceries/products/csr-better-brown-sugar-1kg
PRINGLES ORIGINAL 102G,RM7.80 RM6.68,43,Pringles,"All items,Chips & Crackers,Christmas Fair,Except Alcohol,Groceries,Pantry,Snacks & Sweets","Chips,Christmas Fair,Groceries,On Sale,Pantry,Pringles,Snacks",-15%,https://vsj.bites.com.my/collections/groceries/products/pringles-original-102g
MISSION TORTILLA CHIPS GARLIC & BUTTER 170G,RM7.80,7,Mission,"All items,Chips & Crackers,Except Alcohol,Groceries,Pantry,Snacks & Sweets","Chips,Groceries,Mission,Pantry,Snacks",,https://vsj.bites.com.my/collections/groceries/products/mission-tortilla-chips-garlic-butter-170g
KJELDSENS BUTTER COOKIES 454G,RM39.45 RM32.88,16,Kjeldsens,"All items,Biscuits & Cookies,Childhood Memories,Childhood Memories,Except Alcohol,Groceries,Pantry,Snacks & Sweets","Biscuits,Butter Cookies,Childhood Memories,Cookies,Groceries,Kjeldsens,On Sale,Pantry,Snacks",-17%,https://vsj.bites.com.my/collections/groceries/products/kjeldsens-butter-cookies-454g
MCVITIES DIGESTIVE 400G,RM11.70,4,McVitie's,"All items,Biscuits & Cookies,Except Alcohol,Groceries,Pantry,Snacks & Sweets","Biscuits,Groceries,McVitie's,Pantry,Snacks",,https://vsj.bites.com.my/collections/groceries/products/mcvities-digestive-400g
NUTELLA T350G,RM21.50,7,Nutella,"All items,Breakfast & Cereals,Except Alcohol,Groceries,October Deals,Pantry","Breakfast,Chocolate,Chocolate Spreads,Groceries,Nutella,October Deals,Pantry,Spread",,https://vsj.bites.com.my/collections/groceries/products/nutella-t350g
NUTELLA HAZELNUT SPREAD 200GM,RM12.20,25,Nutella,"All items,Breakfast & Cereals,Except Alcohol,Groceries,Jams & Spreads,Pantry","Breakfast,Groceries,Nutella,Pantry,Spreads",,https://vsj.bites.com.my/collections/groceries/products/nutella-hazelnut-spread-200gm
NONGSHIM SHIN RAMYUN 5X120GM,RM22.90 RM19.98,29,Nongshim,"All items,Canned Food & Instant Meals,CNY Fair,Except Alcohol,Groceries,Pantry","CNY Fair,Groceries,Instant Meals,Instant Noodles,Nongshim,On Sale,Pantry",-13%,https://vsj.bites.com.my/collections/groceries/products/nongshim-shin-ramyun-5x120gm
NUTELLA T680G,RM39.50,8,Nutella,"All items,Breakfast & Cereals,Except Alcohol,Groceries,Jams & Spreads,Pantry","Breakfast,Groceries,Nutella,Pantry,Spreads",,https://vsj.bites.com.my/collections/groceries/products/nutella-t680g
MILO SOFTPACK 400G,RM10.25,20,Milo,"All items,Beverages,Except Alcohol,Groceries,Hot Beverages","beverages,groceries,Hot Beverages,Milo",,https://vsj.bites.com.my/collections/groceries/products/milo-softpack-400g
LOTUS CARAMELISED BISCUITS (2X12) 186GM,RM9.30 RM8.58,14,Biscoff,"All items,Biscuits & Cookies,Except Alcohol,Groceries,Pantry,Snacks & Sweets","Biscuits,Cookies,Groceries,Lotus,Lotus Biscoff,On Sale,Pantry,Snacks",-8%,https://vsj.bites.com.my/collections/groceries/products/lotus-caramelised-biscuits-2x12-186gm
NATUREL BLEND COOKING OIL 1KG,RM14.90 RM14.58,5,Naturel,"All items,Cooking Ingredients,Except Alcohol,Groceries,Pantry,Sauces, Oil & Vinegar","groceries,Naturel,Oil,On Sale,pantry",-3%,https://vsj.bites.com.my/collections/groceries/products/naturel-blend-cooking-oil-1kg
KARA COCONUT CREAM 500ML,RM8.60,41,Kara,"All items,Except Alcohol,Groceries,Pantry","BakingCoconut Cream,Groceries,Kara,Pantry",,https://vsj.bites.com.my/collections/groceries/products/kara-coconut-cream-500ml
MAURI-PAN INSTANT YEAST 11G,RM1.10,77,Mauri-Pan,"All items,Baking Ingredients,Except Alcohol,Groceries,Pantry","Baking,groceries,Mauri Pan,pantry,yeast",,https://vsj.bites.com.my/collections/groceries/products/mauri-pan-instant-yeast-11g
MISSION WRAPS ONION & CHIVE 8'S 360GM,RM8.60,6,Mission,"All items,Bakery,Bread,Except Alcohol,Groceries","Bakery,Bread,Groceries,Mission",,https://vsj.bites.com.my/collections/groceries/products/mission-wraps-onion-chive-8-s-360gm
INDOMIE MI GORENG ASLI 5X80G,RM5.89 RM5.28,93,Indomie,"All items,Canned Food & Instant Meals,Christmas Fair,Except Alcohol,Groceries,Pantry","Christmas Fair,Groceries,Indomie,Instant Meals,Instant Noodles,On Sale,Pantry",Discount not found,https://vsj.bites.com.my/collections/groceries/products/indomie-mi-goreng-asli-5x80g
CED PURE HONEY 500GM,RM14.00,20,CED,"All items,Except Alcohol,Groceries,Organic Breakfast & Spreads,Organics,Pantry","CED,Groceries,Organic Honey,Organics,Pantry",,https://vsj.bites.com.my/collections/groceries/products/ced-pure-honey-500gm
RIBENA BLACKCURRANT 1L,RM16.85 RM14.88,32,Ribena,"All items,Beverages,Deepavali Fair,Except Alcohol,Groceries,Mixed Drinks & Cordials","Beverages,Cordial,Deepavali Fair,Groceries,Mixed Drinks,On Sale,Ribena",-12%,https://vsj.bites.com.my/collections/groceries/products/ribena-blackcurrant-1l
INDOMIE MI GORENG SPECIAL (PROMO) 10X85G,RM10.69 RM9.98,8,Indomie,"All items,Canned Food & Instant Meals,Except Alcohol,Groceries,Pantry","Groceries,Indomie,Instant Meals,Instant Noodles,On Sale,Pantry",-7%,https://vsj.bites.com.my/collections/groceries/products/indomie-mi-goreng-special-promo-10x85g
COLAVITA PURE OLIVE OIL 750ML,RM51.90,15,Colavita,"All items,Cooking Ingredients,Except Alcohol,Groceries,Pantry,Sauces, Oil & Vinegar","Colavita,groceries,Oil,Olive Oil,pantry",,https://vsj.bites.com.my/collections/groceries/products/colavita-pure-olive-oil-750ml
V-SOY LOW SUGAR UHT 1L,RM6.95,5,V-Soy,"All items,Beverages,Coffee Day,Cold Beverages,Dairy & Eggs,Except Alcohol,Groceries,Milk,Mixed Drinks & Cordials","Beverages,Coffee Day,Cold Beverages,Groceries,Milk,Soy Milk,V-Soy",,https://vsj.bites.com.my/collections/groceries/products/v-soy-low-sugar-uht-1l
THINS POTATO CHIPS ORIGINAL 175G,RM15.90,4,Thins,"All items,Chips & Crackers,Christmas Fair,Except Alcohol,Groceries,Pantry,Snacks & Sweets","Chips,Christmas Fair,Groceries,Pantry,Potato Chips,Snacks,Thins",,https://vsj.bites.com.my/collections/groceries/products/thins-potato-chips-original-175g
PRINGLES SOUR CREAM & ONION 102G,RM7.80 RM6.68,44,Pringles,"All items,Chips & Crackers,Christmas Fair,Except Alcohol,Groceries,Pantry,Snacks & Sweets","Chips,Christmas Fair,Groceries,On Sale,Pantry,Pringles,Snacks",-15%,https://vsj.bites.com.my/collections/groceries/products/pringles-sour-cream-onion-102g
MISSION TORTILLA CHIPS TOMATO 170G,RM7.80,8,Mission,"All items,Chips & Crackers,Except Alcohol,Groceries,Pantry,Snacks & Sweets","Chips,Groceries,Mission,Pantry,Snacks",Discount not found,https://vsj.bites.com.my/collections/groceries/products/mission-tortilla-chips-tomato-170g
MISSION WRAPS WHOLEGRAIN 8'S 360GM,RM8.60,6,Mission,"All items,Bakery,Bread,Except Alcohol,Groceries","Bakery,Bread,Groceries,Mission",,https://vsj.bites.com.my/collections/groceries/products/mission-wraps-wholegrain-8-s-360gm
LKK LIGHT SOY SAUCE 500ML,RM6.00,12,Lee Kum Kee,"All items,Except Alcohol,Groceries,Pantry,Sauces, Oil & Vinegar","Lee Kum Kee,pantry,Sauces",,https://vsj.bites.com.my/collections/groceries/products/lkk-light-soy-sauce-500ml
GARDEN WATER CRACKER 125G,RM11.75,9,Garden,"All items,Chips & Crackers,Except Alcohol,Groceries,Pantry,Snacks & Sweets","Crackers,Garden,Groceries,Pantry,Snacks",,https://vsj.bites.com.my/collections/groceries/products/garden-water-cracker-125g
MCVITIES DIGESTIVE TWIN PACK 2X360G,RM19.90,38,McVitie's,"All items,Biscuits & Cookies,Except Alcohol,Groceries,Pantry,Snacks & Sweets","Biscuits,Cookies,Groceries,Imported,McVitie's,Pantry,Snacks",,https://vsj.bites.com.my/collections/groceries/products/mcvities-digestive-twin-pack-2x360g
HOMESOY ORIGINAL 1L,RM3.90 RM3.58,8,Homesoy,"All items,Beverages,CNY Fair,Dairy & Eggs,Except Alcohol,Fridge,Groceries,Mixed Drinks & Cordials","Beverages,CNY Fair,Dairy,Groceries,Homesoy,Mixed Drinks,On Sale,Soy Drinks,Soy Milk",-9%,https://vsj.bites.com.my/collections/groceries/products/homesoy-original-1l
AYAM BRAND DELI TUNA MAYO 160G,RM7.70 RM7.49,29,Ayam Brand,"All items,Canned Food & Instant Meals,Except Alcohol,Groceries,Pantry","Ayam Brand,Canned Food,Groceries,Instant Meals,On Sale,Pantry",-3%,https://vsj.bites.com.my/collections/groceries/products/ayam-brand-deli-tuna-mayo-160gm
ANGEL KICAP CAIR 750ML,RM12.15,24,Angel Brand,"All items,Except Alcohol,Groceries,Pantry,Sauces, Oil & Vinegar","Angel Brand,groceries,Pantry,Sauces,Soy Sauce",,https://vsj.bites.com.my/collections/groceries/products/angel-kicap-cair-750ml
100 PLUS ORIGINAL 1.5L,RM4.45,42,100 Plus,"All items,Beverages,Carbonated Drinks,CNY Fair,Except Alcohol,Groceries,Sports & Energy Drinks","100Plus,Beverages,Carbonated Drinks,CNY Fair,Energy Drinks,Sports Drink",,https://vsj.bites.com.my/collections/groceries/products/100-plus-original-1-5l
HEINZ CHICKEN BROTH 1L,RM20.25 RM15.88,30,Heinz,"All items,CNY Fair,Condiments & Salad Dressings,Except Alcohol,Groceries,Pantry","Chicken Broth,CNY Fair,Condiments,Groceries,Heinz,On Sale,Pantry,Soup",-22%,https://vsj.bites.com.my/collections/groceries/products/heinz-chicken-broth-1l
MISSION QUINOA WRAPS 360G,RM9.00,12,Mission,"All items,Bakery,Bread,Except Alcohol,Groceries","Bakery,Bread,Groceries,Mission,On Sale",,https://vsj.bites.com.my/collections/groceries/products/mission-quinoa-wraps-360g
AYAM BRAND SARDINES 230G,RM7.15,25,Ayam Brand,"All items,Canned Food & Instant Meals,Except Alcohol,Groceries,Pantry","Ayam Brand,Canned Food,Groceries,Instant Meals,Pantry",,https://vsj.bites.com.my/collections/groceries/products/ayam-brand-sardines-230g
PAMA PLAIN BIHUN GOLD INSTANT 350G,RM6.35 RM5.98,23,Pama,"All items,Canned Food & Instant Meals,Christmas Fair,CNY Fair,Except Alcohol,Groceries,Pantry","Christmas Fair,CNY Fair,Groceries,Instant Meals,Instant Noodles,On Sale,Pama,Pantry",-6%,https://vsj.bites.com.my/collections/groceries/products/pama-plain-bihun-gold-instant-350g
KINDER BUENO T6 FP 3X43GM,RM13.50 RM12.68,27,Kinder Bueno,"All items,CNY Fair,Except Alcohol,Groceries,Pantry,Snacks & Sweets","Chocolate,CNY Fair,Groceries,Kinder,On Sale,Pantry,Snacks,Sweets",-7%,https://vsj.bites.com.my/collections/groceries/products/kinder-bueno-t6-fp-3x43gm
MILO ACTIV-GO UHT 4X125ML,RM5.65 RM5.60,14,Bites Shop,"All items,Beverages,Childhood Memories,Childhood Memories,Dairy & Eggs,Except Alcohol,Fridge,Groceries,Milk","Beverages,Childhood Memories,Chocolate Drinks,Dairy,Fridge,Milk,Milo,On Sale",-1%,https://vsj.bites.com.my/collections/groceries/products/milo-activ-go-uht-4x125ml
GARDENIA ROLL UP WRAPS WHOLEMEAL 5X45G,RM5.20,14,Gardenia,"All items,Bakery,Bread,Except Alcohol,Groceries,Pantry","Bakery,Bread,Gardenia,Groceries,Pantry",,https://vsj.bites.com.my/collections/groceries/products/gardenia-roll-up-wraps-wholemeal-5x45g
FAIZA MOGHUL BASMATHI RICE 1KG,RM11.50,11,Faiza,"All items,Except Alcohol,Groceries,Pantry,Pasta, Rice & Noodles,Rice","Faiza,Groceries,Pantry,Rice",,https://vsj.bites.com.my/collections/groceries/products/faiza-moghul-basmathi-rice-1kg
KNORR CUBE CHICKEN 60G,RM3.25,33,Knorr,"All items,Cooking Ingredients,Except Alcohol,Groceries,Herbs & Spices,Pantry","groceries,Knorr,pantry,Seasoning",,https://vsj.bites.com.my/collections/groceries/products/knorr-cube-chicken-60g
SAN REMO ANGEL HAIR NO.9 500GM,RM5.30 RM4.68,23,San Remo,"All items,Christmas Fair,CNY Fair,Except Alcohol,Groceries,Pantry,Pasta,Pasta, Rice & Noodles","Christmas Fair,CNY Fair,Groceries,Noodles,On Sale,Pantry,Pasta,San Remo",-12%,https://vsj.bites.com.my/collections/groceries/products/san-remo-angel-hair-no-9-500gm
MSM PRAI COARSE SUGAR 1KG,RM2.85,77,MSM,"All items,Baking Ingredients,Cooking Ingredients,Except Alcohol,Groceries,Nuts, Seeds & Dried Goods,Pantry","Baking,Baking Ingredients,Cooking,Cooking Ingredients,Dried Goods,Groceries,Pantry,Sugar",,https://vsj.bites.com.my/collections/groceries/products/msm-prai-coarse-sugar-1kg
PREGO TRADITIONAL PASTA SAUCE 300G,RM5.95 RM5.68,15,Prego,"All items,CNY Fair,Condiments & Salad Dressings,Except Alcohol,Groceries,Pantry,Sauces, Oil & Vinegar","CNY Fair,Condiments,Groceries,On Sale,Pantry,Pasta Sauces,Prego,Sauces",-5%,https://vsj.bites.com.my/collections/groceries/products/prego-traditional-pasta-sauce-300g
YOU.C1000 LEMON DRINK 6X140ML,RM18.20 RM14.98,16,You.C1000,"All items,Beverages,Chilled Juices & Drinks,Cold Beverages,Except Alcohol,Groceries,Juices & Fruit Drinks","Beverages,Chilled Drinks,Fruit Drinks,Groceries,On Sale,You.C1000",-18%,https://vsj.bites.com.my/collections/groceries/products/youc1000-lemon-drink-6x140ml
SAN REMO PENNE RIGATI 500G,RM5.30 RM4.68,9,San Remo,"All items,Christmas Fair,CNY Fair,Except Alcohol,Groceries,Pantry,Pasta,Pasta, Rice & Noodles","Christmas Fair,CNY Fair,Groceries,Noodles,On Sale,Pantry,Pasta,San Remo",-12%,https://vsj.bites.com.my/collections/groceries/products/san-remo-penne-rigati-500g
PRINGLES ORIGINAL (USA) 149G,RM10.00,8,Pringles,"All items,Chips & Crackers,Except Alcohol,Groceries,Pantry,Snacks & Sweets","Chips,groceries,pantry,Pringles,Snacks",,https://vsj.bites.com.my/collections/groceries/products/pringles-original-usa-149g
PRINGLES CHEEZY CHEESE 102G,RM7.80 RM6.68,38,Pringles,"All items,Chips & Crackers,Christmas Fair,Except Alcohol,Groceries,Pantry,Snacks & Sweets","Chips,Christmas Fair,Groceries,On Sale,Pantry,Pringles,Snacks",-15%,https://vsj.bites.com.my/collections/groceries/products/pringles-cheezy-cheese-102g
MARIGOLD UHT MILK FULL CREAM 1L,RM8.20 RM7.58,7,Marigold,"All items,Beverages,Dairy & Eggs,Except Alcohol,Fridge,Groceries,Mixed Drinks & Cordials,UHT Milk","Beverages,Dairy,Groceries,Marigold,On Sale,UHT,UHT Milk",-8%,https://vsj.bites.com.my/collections/groceries/products/marigold-uht-milk-full-cream-1l
LKK LESS SALTY SOY SAUCE 500ML,RM9.05,16,Lee Kum Kee,"All items,Except Alcohol,Groceries,Pantry,Sauces, Oil & Vinegar","Lee Kum Kee,Pantry,Sauces,Soy Sauce",,https://vsj.bites.com.my/collections/groceries/products/lkk-less-salty-soy-sauce-500ml
FAIZA BIHUN SIAM 400GM,RM3.95,7,Faiza,"All items,Except Alcohol,Groceries,Pantry,Pasta, Rice & Noodles,Rice","Bihun,Faiza,Groceries,Noodles,Pantry,Rice",,https://vsj.bites.com.my/collections/groceries/products/faiza-bihun-siam-400gm
NATUREL SOFT MARGERINE 500G,RM12.50 RM10.68,18,Naturel,"All items,Butter & Margarine,Dairy & Eggs,Except Alcohol,Groceries,Pantry","Chilled Spread,Groceries,Margarine,Naturel,On Sale,Pantry",-15%,https://vsj.bites.com.my/collections/groceries/products/naturel-soft-margerine-500g
FAIZA KASHMIR BASMATHI RICE 5KG,RM33.60 RM33.50,3,Village Grocer - Subang Parade,"All items,Except Alcohol,Groceries,Pantry,Pasta, Rice & Noodles,Rice","Faiza,Groceries,On Sale,Pantry,Rice",-1%,https://vsj.bites.com.my/collections/groceries/products/faiza-kashmir-basmathi-rice-5kg
MISSION TORTILLA CHIPS MULTIGRAIN 170G,RM8.80,6,Mission,"All items,Chips & Crackers,Except Alcohol,Groceries,Pantry,Snacks & Sweets","Chips,Groceries,Mission,Pantry,Snacks",,https://vsj.bites.com.my/collections/groceries/products/mission-tortilla-chips-multigrain-170g
OSK JAPANESE GREEN TEA 50X2G,RM23.90 RM20.88,8,OSK,"All items,Beverages,Coffee & Tea,Except Alcohol,Groceries,Hot Beverages","Beverages,Green Tea,Hot Beverages,On Sale,OSK,Tea",-13%,https://vsj.bites.com.my/collections/groceries/products/osk-japanese-green-tea-50x2g
HEINZ TOMATO KETCHUP 300G,RM5.45 RM4.99,37,Heinz,"*Korean Fair,All items,Condiments & Salad Dressings,Except Alcohol,Groceries,Pantry,Sauces, Oil & Vinegar","Condiments,Groceries,Heinz,Korean Fair,On Sale,Pantry,Sauces",-9%,https://vsj.bites.com.my/collections/groceries/products/heinz-tomato-ketchup-300g
NATUREL EXTRA VIRGIN OLIVE OIL 750ML,RM54.50 RM49.88,4,Naturel,"All items,Christmas Fair,CNY Fair,Cooking Ingredients,Except Alcohol,Groceries,Pantry,Sauces, Oil & Vinegar","Christmas Fair,CNY Fair,Cooking Ingredient,Groceries,Naturel,Oil,On Sale,Pantry",-9%,https://vsj.bites.com.my/collections/groceries/products/naturel-extra-virgin-olive-oil-750ml
BARILLA FUSILLI 98 500G,RM8.40 RM7.28,9,Barilla,"All items,Except Alcohol,Groceries,Pantry,Pasta,Pasta, Rice & Noodles","Barilla,Groceries,On Sale,Pantry,Pasta",-14%,https://vsj.bites.com.my/collections/groceries/products/barilla-fusilli-98-500g
MUNCHYS CREAM CRACKER 300G,RM5.95,11,Munchy's,"All items,Biscuits & Cookies,Except Alcohol,Groceries,Pantry,Snacks & Sweets","Cookies,Groceries,Munchy's,Pantry,Snacks",,https://vsj.bites.com.my/collections/groceries/products/munchys-cream-cracker-300g
NESCAFE GOLD RP 170G,RM36.45 RM33.68,9,Nescafe,"*Korean Fair,All items,Beverages,Coffee & Tea,Except Alcohol,Groceries,Hot Beverages","Beverages,Coffee,Groceries,Hot Beverages,Korean Fair,Nescafe,On Sale",-8%,https://vsj.bites.com.my/collections/groceries/products/nescafe-gold-rp-170g
HOSEN LONGAN 565G,RM10.25 RM9.88,14,Hosen,"All items,CNY Fair,Except Alcohol,Groceries,Pantry","Canned Fruits,CNY Fair,Groceries,Hosen,On Sale,Pantry",-4%,https://vsj.bites.com.my/collections/groceries/products/hosen-longan-565g
SERI MURNI COOKING OIL 5KG,RM30.90,3,Seri Murni,"All items,Cooking Ingredients,Except Alcohol,Groceries,Pantry,Sauces, Oil & Vinegar","Cooking Ingredients,Cooking Oil,Groceries,Minyak,Oil,Pantry",,https://vsj.bites.com.my/collections/groceries/products/seri-murni-cooking-oil-5kg
CARLSBERG BEER CAN (GL) 24X320ML,RM168.00 RM119.88,5,Carlsberg,"Alcohol,Alcohol Deals,All items,Beer,Beer & Cider,Beverages,Beverages Offer,Groceries","Alcohol,Alcohol Deals,Beer,Beverages,Beverages Offer,Booze,Carlsberg,On Sale",-29%,https://vsj.bites.com.my/collections/groceries/products/carlsberg-beer-can-gl-24x320ml
JASMINE PUSA CREAM BASMATHI SELLA PARBOI 5KG,RM49.90 RM37.88,3,Jasmine,"All items,CNY Fair,Except Alcohol,Groceries,Pantry,Pasta, Rice & Noodles,Rice","CNY Fair,Fragrant Rice,Groceries,Jasmine,On Sale,Pantry,Rice",-25%,https://vsj.bites.com.my/collections/groceries/products/jasmine-pusa-cream-basmathi-sella-parboi-5kg
IDEAL EVAPORATED 390G,RM5.50,48,Ideal,"All items,Childhood Memories,Childhood Memories,Except Alcohol,Groceries,Pantry","Canned Milk,Childhood Memories,Creamer,Evaporated Creamer,Groceries,Ideal,Pantry",,https://vsj.bites.com.my/collections/groceries/products/ideal-evaporated-390g
HELLMANN REAL MAYONNAISE SQUEEZY 430ML,RM19.90,22,Hellmann,"All items,Condiments & Salad Dressings,Except Alcohol,Groceries,Pantry,Sauces, Oil & Vinegar","Condiments,Groceries,Hellmann,Pantry,Sauces",,https://vsj.bites.com.my/collections/groceries/products/hellmann-real-mayonnaise-squeezy-430ml
F&N HI-CAL KRIMER PEKAT MANIS 500G,RM4.40 RM3.98,28,F&N,"All items,Beverages,Except Alcohol,Groceries,Hot Beverages","Beverages,Creamer,F&N,Groceries,Hot Beverages,On Sale,Sweetener",-10%,https://vsj.bites.com.my/collections/groceries/products/f-n-hi-cal-krimer-pekat-manis-500g
KEWPIE DRESSING ROASTED SESAME 500ML,RM19.70 RM18.88,18,Kewpie,"All items,CNY Fair,Condiments & Salad Dressings,Except Alcohol,Groceries,Pantry,Sauces, Oil & Vinegar","CNY Fair,Condiments,Dressings,Groceries,Kewpie,On Sale,Pantry,Sauces",-5%,https://vsj.bites.com.my/collections/groceries/products/kewpie-dressing-roasted-sesame-500ml
GUINNESS STOUT CAN 4X320ML,RM32.50 RM23.88,154,Guinness,"Alcohol,All items,Beer,Beer & Cider,Beverages,Beverages Offer,Groceries","Alcohol,Beer,Beverages,Beverages Offer,Booze,Guinness,On Sale,Stout",-27%,https://vsj.bites.com.my/collections/groceries/products/guinness-stout-can-4x320ml
LIFE CHILLI SAUCE 500G,RM5.60 RM5.35,14,Life,"All items,Condiments & Salad Dressings,Except Alcohol,Groceries,Pantry,Sauces, Oil & Vinegar","Chilli Sauce,Condiments,Groceries,Life,On Sale,Pantry,Sauces",-5%,https://vsj.bites.com.my/collections/groceries/products/life-chilli-sauce-500g
100 PLUS ORIGINAL RS 1.5L,RM4.45,27,100 Plus,"All items,Beverages,Beverages Offer,Carbonated Drinks,CNY Fair,Except Alcohol,Groceries,Sports & Energy Drinks","100Plus,Beverages,Beverages Offer,Carbonated Drinks,CNY Fair,Energy Drinks,Sports Drink",,https://vsj.bites.com.my/collections/groceries/products/100-plus-original-rs-1-5l
BIN BIN RICE CRACKER 150G,RM9.15 RM9.00,4,Bin Bin,"All items,Chips & Crackers,Except Alcohol,Groceries,Pantry,Snacks & Sweets","Bin Bin,Crackers,groceries,On Sale,pantry,Snacks",-2%,https://vsj.bites.com.my/collections/groceries/products/bin-bin-rice-cracker-150g
NESTLE KOKO KRUNCH 300G,RM12.45 RM11.88,16,Nestle,"All items,Breakfast & Cereals,Except Alcohol,Groceries,Pantry","Breakfast,Cereals,Groceries,Koko Krunch,Nestle,On Sale,Pantry",-5%,https://vsj.bites.com.my/collections/groceries/products/nestle-koko-krunch-300g
COCA-COLA RASA ASLI 320ML,RM2.10,784,Coca-Cola,"All items,Beverages,Carbonated Drinks,Except Alcohol,Groceries,Pantry","Beverages,Carbonated Drinks,Coca Cola,Groceries,Pantry",,https://vsj.bites.com.my/collections/groceries/products/coca-cola-rasa-asli-320ml
BARILLA BAVETTE (LINGUINE) N13 500G,RM8.15 RM7.28,23,Barilla,"All items,Except Alcohol,Groceries,Pantry,Pasta,Pasta, Rice & Noodles","Barilla,Groceries,On Sale,Pantry,Pasta",-11%,https://vsj.bites.com.my/collections/groceries/products/barilla-bavette-linguine-n13-500g
AYAM BRAND SWEET CORN 200G,RM3.80,6,Ayam Brand,"All items,Canned Food & Instant Meals,Except Alcohol,Groceries,Pantry","Ayam Brand,Canned Food,Groceries,Instant Meals,Pantry",,https://vsj.bites.com.my/collections/groceries/products/ayam-brand-sweet-corn-200g
SPRITZER MINERAL WATER 1.25L,RM2.60,12,Spritzer,"All items,Beverages,Except Alcohol,Groceries,Water","Beverages,Groceries,Mineral Water,Spritzer,Water",,https://vsj.bites.com.my/collections/groceries/products/spritzer-mineral-water-1-25l
NUTELLA B READY 132G,RM15.10,9,Nutella,"All items,Except Alcohol,Groceries,Pantry,Snacks & Sweets","Groceries,Nutella,Pantry,Snacks",,https://vsj.bites.com.my/collections/groceries/products/nutella-b-ready-132g
ARNOTTS TIM TAM CARAMEL CHEW BISCUITS 175G,RM15.50 RM14.28,49,Arnott's,"All items,Biscuits & Cookies,Christmas Fair,Except Alcohol,Groceries,October Deals,Pantry,Snacks & Sweets","Arnott's,Biscuits,Christmas Fair,Cookies,Groceries,October Deals,On Sale,Pantry,Snacks",-8%,https://vsj.bites.com.my/collections/groceries/products/arnotts-tim-tam-caramel-chew-biscuits-175g
DUTCH LADY UHT MILKY FROZEN F/CREAM 4X125ML,RM5.75,12,Dutch Lady,"All items,Beverages,Dairy & Eggs,Except Alcohol,Fridge,Groceries,Milk,UHT Milk","Beverages,Dairy,Dutch Lady,Groceries,Milk,UHT Milk",,https://vsj.bites.com.my/collections/groceries/products/dutch-lady-uht-milky-frozen-fcream-4x125ml
MUNCHYS TOPMIX ASSORTED BISCUITS 500G,RM9.70,9,Munchy's,"All items,Biscuits & Cookies,Except Alcohol,Groceries,Pantry,Snacks & Sweets","Biscuits,Groceries,Munchy's,Pantry,Snacks",,https://vsj.bites.com.my/collections/groceries/products/munchys-topmix-assorted-biscuits-500g
SPRITZER MINERAL WATER (6IN1) 6X1.25L,RM14.52,2,Spritzer,"All items,Beverages,Except Alcohol,Groceries,Water","Beverages,Groceries,Mineral Water,Spritzer,Water",,https://vsj.bites.com.my/collections/groceries/products/spritzer-mineral-water-6in1-6x1-25l
KIMBALL SPAGHETTI 400GM,RM4.05 RM3.78,37,Kimball,"All items,Except Alcohol,Groceries,Pantry,Pasta,Pasta, Rice & Noodles","Groceries,Kimball,On Sale,Pantry,Pasta,Spaghetti",-7%,https://vsj.bites.com.my/collections/groceries/products/kimball-spaghetti-400gm
TAO KAE NOI BIG BANG CLASSIC 50GM,RM12.75 RM12.48,4,Tao Kae Noi,"All items,Chips & Crackers,Christmas Fair,CNY Fair,Except Alcohol,Groceries,Pantry,Snacks & Sweets","Chips,Christmas Fair,CNY Fair,Groceries,On Sale,Pantry,Snacks,Tao Kae Noi",-3%,https://vsj.bites.com.my/collections/groceries/products/tao-kae-noi-big-bang-classic-50gm
KELLOGG'S CORN FLAKES 500G,RM16.05 RM15.18,5,Kellogg's,"All items,Breakfast & Cereals,CNY Fair,Except Alcohol,Groceries,Pantry","Breakfast,Cereal,CNY Fair,Groceries,Kellogg's,On Sale,Pantry",-6%,https://vsj.bites.com.my/collections/groceries/products/kellogg-s-corn-flakes-500g
PREGO FETTUCCINE 500G,RM5.20 RM4.88,18,Prego,"All items,Christmas Fair,CNY Fair,Except Alcohol,Groceries,Pantry,Pasta,Pasta, Rice & Noodles","Christmas Fair,CNY Fair,Groceries,On Sale,Pantry,Pasta,Prego",-7%,https://vsj.bites.com.my/collections/groceries/products/prego-fettuccine-500g
SPRITZER MINERAL WATER 24X550ML,RM30.00,3,Spritzer,"All items,Beverages,Except Alcohol,Groceries,Water","Beverages,Groceries,Mineral Water,Spritzer,Water",,https://vsj.bites.com.my/collections/groceries/products/spritzer-mineral-water-24x550ml
KELLOGG'S COCO POPS 350G,RM14.90,21,Kellogg's,"All items,Breakfast & Cereals,Christmas Fair,Except Alcohol,Groceries,Pantry","Breakfast,Cereal,Christmas Fair,Groceries,Kellogg's,Pantry",,https://vsj.bites.com.my/collections/groceries/products/kellogg-s-coco-pops-350g
PREGO CHEESE/HERBS CREAMY 290G,RM5.95 RM5.68,22,Prego,"All items,CNY Fair,Condiments & Salad Dressings,Except Alcohol,Groceries,Pantry,Sauces, Oil & Vinegar","CNY Fair,Condiments,Groceries,On Sale,Pantry,Pasta Sauces,Prego,Sauces",-5%,https://vsj.bites.com.my/collections/groceries/products/prego-cheese-herbs-creamy-290g
INDOMIE MI GORENG SPECIAL 5X85G,RM5.89 RM5.28,93,Indomie,"All items,Canned Food & Instant Meals,Christmas Fair,Except Alcohol,Groceries,Pantry","Christmas Fair,Groceries,Indomie,Instant Meals,Instant Noodles,On Sale,Pantry",-11%,https://vsj.bites.com.my/collections/groceries/products/indomie-mi-goreng-special-5x85g
PREGO TRADITIONAL PASTA SAUCE 680G,RM14.60,22,Prego,"All items,Christmas Fair,Except Alcohol,Groceries,Pantry,Sauces, Oil & Vinegar","Christmas Fair,Groceries,Pantry,Pasta Sauce,Prego,Sauces",,https://vsj.bites.com.my/collections/groceries/products/prego-traditional-pasta-sauce-680g
NATUREL EXTRA VIRGIN OLIVE OIL 250ML,RM21.50,9,Naturel,"All items,Cooking Ingredients,Except Alcohol,Groceries,Pantry,Sauces, Oil & Vinegar","groceries,Naturel,Oil,pantry",,https://vsj.bites.com.my/collections/groceries/products/naturel-extra-virgin-olive-oil-250ml
MISSION TORTILLA CHIPS HOT&SPICY 170G,RM7.80,8,Mission,"All items,Chips & Crackers,Except Alcohol,Groceries,Pantry,Snacks & Sweets","Chips,Groceries,Mission,Pantry,Snacks",,https://vsj.bites.com.my/collections/groceries/products/mission-tortilla-chips-hot-spicy-170g
MARIGOLD PEEL FRESH PINK GUAVA 2L,RM13.40,7,Marigold,"All items,Beverages,Except Alcohol,Groceries,Juices & Fruit Drinks","Beverages,Fruit Drinks,Groceries,Juices,Marigold",,https://vsj.bites.com.my/collections/groceries/products/marigold-peel-fresh-pink-guava-2l
ARNOTTS MILK COFFEE BISCUITS 250G,RM12.15,9,Arnott's,"All items,Biscuits & Cookies,Except Alcohol,Groceries,October Deals,Pantry,Snacks & Sweets","Arnott's,Biscuits,Cookies,Groceries,October Deals,Pantry,Snacks",,https://vsj.bites.com.my/collections/groceries/products/arnotts-milk-coffee-biscuits-250g
MEGAH JAPANESE FRESH UDON NOODLE 600G,RM8.30 RM7.48,9,Megah,"All items,Except Alcohol,Groceries,Pantry,Pasta, Rice & Noodles","Groceries,Megah,Noodles,On Sale,Pantry,Udon",-10%,https://vsj.bites.com.my/collections/groceries/products/megah-japanese-fresh-udon-noodle-600g
NESTLE KITKAT 2F 6PK 6X17G,RM9.00,7,Kit Kat,"All items,Except Alcohol,Groceries,Pantry,Snacks & Sweets","chocolate,groceries,Kit Kat,pantry,Snacks,Sweets",,https://vsj.bites.com.my/collections/groceries/products/nestle-kitkat-2f-6pk-6x17g
OLD TOWN 3IN1 W/CAFE CLASSIC 15SX38G,RM19.80 RM17.88,126,Old Town,"All items,Beverages,Coffee & Tea,Except Alcohol,Groceries,Hot Beverages,Pantry","Beverages,Coffee,Groceries,Hot Beverages,Old Town,On Sale,Pantry",-10%,https://vsj.bites.com.my/collections/groceries/products/old-town-3in1-w-cafe-classic-15sx38g
MARIGOLD 100% JUICE PURPLE VEGGIE 1L,RM7.35 RM5.88,11,Marigold,"All items,Beverages,Christmas Fair,Except Alcohol,Groceries,Juices & Fruit Drinks","Beverages,Christmas Fair,Fruit Drinks,Groceries,Juices,Marigold,On Sale",-20%,https://vsj.bites.com.my/collections/groceries/products/marigold-100-juice-purple-veggie-1l
BARILLA PENNE RIGATE 500G,RM8.40 RM7.28,4,Barilla,"All items,Except Alcohol,Groceries,Pantry,Pasta,Pasta, Rice & Noodles","Barilla,Groceries,On Sale,Pantry,Pasta",-14%,https://vsj.bites.com.my/collections/groceries/products/barilla-penne-rigate-500g
MAGGI HOT CUP CURRY 58G,RM2.50,147,Maggi,"All items,Canned Food & Instant Meals,Except Alcohol,Groceries,Pantry","groceries,Instant Food,Instant Meals,Instant Noodles,Maggi,pantry",,https://vsj.bites.com.my/collections/groceries/products/maggi-hot-cup-curry-58g
AYAM BRAND TUNA CHUNK IN MINERAL WATER 150G,RM7.70 RM7.49,38,Ayam Brand,"All items,Canned Food & Instant Meals,Except Alcohol,Groceries,Pantry","Ayam Brand,Canned Food,Groceries,Instant Meals,On Sale,Pantry",-3%,https://vsj.bites.com.my/collections/groceries/products/ayam-brand-tuna-chunk-in-mineral-water-150g
CADBURY DAIRY MILK HAZELNUT 160G,RM9.60 RM8.48,17,Cadbury,"All items,Christmas Fair,CNY Fair,Except Alcohol,Groceries,Pantry,Snacks & Sweets","Cadbury,Chocolate,Christmas Fair,CNY Fair,Groceries,On Sale,Pantry,Snacks,Sweets",-12%,https://vsj.bites.com.my/collections/groceries/products/cadbury-dairy-milk-hazelnut-160g
PRINGLES HOT & SPICY 102G,RM7.80 RM6.68,42,Pringles,"All items,Chips & Crackers,Christmas Fair,Except Alcohol,Groceries,Pantry,Snacks & Sweets","Chips,Christmas Fair,Groceries,On Sale,Pantry,Pringles,Snacks",-15%,https://vsj.bites.com.my/collections/groceries/products/pringles-hot-spicy-102g
LOTUS CARAMELISED BISCUITS (25S) 156GM,RM9.70,5,Biscoff,"All items,Biscuits & Cookies,Except Alcohol,Groceries,Pantry,Snacks & Sweets","Biscuits,Cookies,Groceries,Lotus,Lotus Biscoff,Pantry,Snacks",,https://vsj.bites.com.my/collections/groceries/products/lotus-caramelised-biscuits-25s-156gm
LOTUS CARAMELISED BISCUITS (25S) 250GM,RM12.00 RM11.28,14,Biscoff,"All items,Biscuits & Cookies,Except Alcohol,Groceries,Pantry,Snacks & Sweets","Biscuits,Cookies,Groceries,Lotus,Lotus Biscoff,On Sale,Pantry,Snacks",-6%,https://vsj.bites.com.my/collections/groceries/products/lotus-caramelised-biscuits-25s-250gm
PEPPERIDGE FARM GOLDFISH CHEDDAR 187G,RM14.50,17,Pepperidge Farm,"All items,Biscuits & Cookies,Christmas Fair,Except Alcohol,Groceries,Pantry,Snacks & Sweets","Biscuits,Christmas Fair,Cookies,Groceries,Pantry,Pepperidge Farm,Snacks",,https://vsj.bites.com.my/collections/groceries/products/pepperidge-farm-goldfish-cheddar-187g
PREGO CARBONARA MUSHROOM 290G,RM5.95 RM5.68,28,Prego,"All items,CNY Fair,Condiments & Salad Dressings,Except Alcohol,Groceries,Pantry,Sauces, Oil & Vinegar","CNY Fair,Condiments,Groceries,On Sale,Pantry,Pasta Sauces,Prego,Sauces",-5%,https://vsj.bites.com.my/collections/groceries/products/prego-carbonara-mushroom-290g
KNORR CHICKEN CUBE 12CUBES,RM5.90,10,Knorr,"All items,Cooking Ingredients,Except Alcohol,Groceries,Herbs & Spices,Pantry","groceries,Knorr,pantry,Seasoning",,https://vsj.bites.com.my/collections/groceries/products/knorr-chicken-cube-12cubes
MAGGI CHILI SAUCE 340G,RM4.35,34,Maggi,"All items,Condiments & Salad Dressings,Except Alcohol,Groceries,Pantry,Sauces, Oil & Vinegar","Chilli Sauce,Condiments,Groceries,Maggi,Pantry,Sauces",,https://vsj.bites.com.my/collections/groceries/products/maggi-chili-sauce-340g
HOSEN LYCHEE 565G,RM10.10 RM8.88,68,Hosen,"All items,CNY Fair,Except Alcohol,Groceries,Pantry","Canned Fruits,CNY Fair,Groceries,Hosen,On Sale,Pantry",-13%,https://vsj.bites.com.my/collections/groceries/products/hosen-lychee-565g
BARILLA ANGEL HAIR NO.1 500G,RM8.15 RM7.28,20,Barilla,"All items,Except Alcohol,Groceries,Pantry,Pasta,Pasta, Rice & Noodles","Barilla,Groceries,On Sale,Pantry,Pasta",-11%,https://vsj.bites.com.my/collections/groceries/products/barilla-angel-hair-no-1-500g
SAN REMO VERMICELLI NO.2 500GM,RM5.30 RM4.68,4,San Remo,"All items,Christmas Fair,CNY Fair,Except Alcohol,Groceries,Pantry,Pasta,Pasta, Rice & Noodles","Christmas Fair,CNY Fair,Groceries,Noodles,On Sale,Pantry,Pasta,San Remo,Vermicelli",-12%,https://vsj.bites.com.my/collections/groceries/products/san-remo-vermicelli-no-2-500gm
ARNOTTS SCOTCH FINGER 250G,RM15.75,8,Arnott's,"All items,Biscuits & Cookies,Except Alcohol,Groceries,Pantry,Snacks & Sweets","Arnott's,Biscuits,Cookies,Groceries,Pantry,Snacks",,https://vsj.bites.com.my/collections/groceries/products/arnotts-scotch-finger-250g
SPRITE 1.5L,RM4.50 RM3.78,9,Coca-Cola,"All items,Beverages,Carbonated Drinks,Except Alcohol,Groceries","Beverages,Carbonated Drinks,Groceries,On Sale,Soda,Sprite",-16%,https://vsj.bites.com.my/collections/groceries/products/sprite-1-5l
SEDAAP MIE GORENG ASLI 5X90G,RM7.10 RM6.29,39,Mi Sedaap,"All items,Canned Food & Instant Meals,Except Alcohol,Groceries,Pantry","Groceries,Instant Meals,Instant Noodles,Mi Sedaap,On Sale,Pantry",-12%,https://vsj.bites.com.my/collections/groceries/products/sedaap-mie-goreng-asli-5x90g
IKAN BILIS KOPEK BELAH PUTIH TEMPATAN +/-100G,RM10.75,37,Bites Shop,"All items,Except Alcohol,Groceries,Nuts, Seeds & Dried Goods,Pantry","anchovies,Dried Goods,dried seafood,groceries,ikan bilis,pantry",,https://vsj.bites.com.my/collections/groceries/products/ikan-bilis-kopek-belah-putih-tempatan-100g
SPRITZER SPARKLING MINERAL WATER 1L,RM3.90,49,Spritzer,"All items,Beverages,Except Alcohol,Groceries,Water","Beverages,Groceries,Mineral Water,Spritzer,Water",,https://vsj.bites.com.my/collections/groceries/products/spritzer-sparkling-mineral-water-1l
MAKNYONYA INSTANT CHICKEN CURRY SAUCE 200G,RM6.90,7,Mak Nyonya,"All items,Cooking Ingredients,Except Alcohol,Groceries,Herbs & Spices,Pantry,Sauces, Oil & Vinegar","groceries,Mak Nyonya,pantry,Sauces,Seasoning",,https://vsj.bites.com.my/collections/groceries/products/maknyonya-instant-chicken-curry-sauce-200g
TONG GARDEN SALTED PEANUTS 365GM,RM10.90 RM10.28,24,Tong Garden,"All items,CNY Fair,Except Alcohol,Groceries,Nuts, Seeds & Dried Goods,Pantry,Snacks & Sweets","CNY Fair,Groceries,Nuts,On Sale,Pantry,Snacks,Tong Garden",-6%,https://vsj.bites.com.my/collections/groceries/products/tong-garden-salted-peanuts-365gm
TONG GARDEN NUTRIONE ROASTED SALTED PISTACHIO 85G,RM9.50 RM8.48,5,Tong Garden,"All items,Except Alcohol,Groceries,Nuts, Seeds & Dried Goods,Pantry,Snacks & Sweets","Groceries,Nuts,On Sale,Pantry,Snacks,Tong Garden",-11%,https://vsj.bites.com.my/collections/groceries/products/tong-garden-nutrione-roasted-salted-pistachio-85g
MAGGI OYSTER SAUCE 500G,RM7.90 RM7.28,11,Maggi,"All items,Except Alcohol,Groceries,Pantry,Sauces, Oil & Vinegar","groceries,Maggi,On Sale,oyster sauce,pantry,Sauces",-8%,https://vsj.bites.com.my/collections/groceries/products/maggi-oyster-sauce-500g
MAGGI OYSTER SAUCE 340G,RM6.00,16,Maggi,"All items,Except Alcohol,Groceries,Pantry,Sauces, Oil & Vinegar","groceries,Maggi,oyster sauce,pantry,Sauces",,https://vsj.bites.com.my/collections/groceries/products/maggi-oyster-sauce-340g
JASMINE SUPER 5 (IMPORT) 5KG,RM22.35 RM19.88,3,Jasmine,"All items,Except Alcohol,Groceries,Pantry,Pasta, Rice & Noodles,Rice","Grains,Groceries,Jasmine,On Sale,Pantry,Rice",-12%,https://vsj.bites.com.my/collections/groceries/products/jasmine-super-5-import-5kg
CIRIO WHOLE PEELED TOMATO 3X400GM,RM22.85,13,Cirio,"All items,Canned Food & Instant Meals,Christmas Fair,Except Alcohol,Groceries,Pantry","Canned Food,Christmas Fair,Cirio,Groceries,Instant Meals,Pantry",,https://vsj.bites.com.my/collections/groceries/products/cirio-whole-peeled-tomato-3x400gm
ARNOTTS MINT SLICE CHOC BISCUITS 200G,RM15.75,11,Arnotts,"All items,Biscuits & Cookies,Except Alcohol,Groceries,October Deals,Pantry,Snacks & Sweets","Arnott's,Biscuits,Cookies,Groceries,October Deals,Pantry,Snacks",,https://vsj.bites.com.my/collections/groceries/products/arnotts-mint-slice-choc-biscuits-200g
