Product Name,Product Price,Product Quantity,Product Brand,Product Category,Product Tag,Product Discount,Link to Product,Discounted Price
massimo sandwich loaf w.wheat germ 400g,3.5,8,massimo,"['bakery', 'best seller', 'bread', 'except alcohol', 'groceries']","['bakery', 'best seller', 'bread', 'massimo', 'whole wheat']",0.0,https://vsj.bites.com.my/collections/groceries/products/massimo-sandwich-loaf-w-wheat-germ-400g,
vitagen asst twin pack 2x5x125ml,9.9,20,vitagen,"['beverages', 'chilled juices & drinks', 'cny fair', 'cold beverages', 'dairy & eggs', 'except alcohol', 'fridge', 'groceries', 'milk']","['beverages', 'chilled drinks', 'cny fair', 'dairy', 'fridge', 'milk', 'on sale', 'vitagen']",2.0,https://vsj.bites.com.my/collections/groceries/products/vitagen-asst-twin-pack-2x5x125ml,9.78
maggi curry 5x79g,6.25,46,maggi,"['canned food & instant meals', 'childhood memories', 'childhood memories', 'except alcohol', 'groceries', 'pantry']","['childhood memories', 'groceries', 'instant food', 'instant meals', 'instant noodles', 'maggi', 'on sale', 'pantry']",8.0,https://vsj.bites.com.my/collections/groceries/products/maggi-curry-5x79g,5.78
jasmine sunwhite fragrant rice 5kg,37.05,3,jasmine,"['cny fair', 'except alcohol', 'groceries', 'pantry', 'pasta', 'rice & noodles', 'rice']","['cny fair', 'fragrant rice', 'groceries', 'jasmine', 'on sale', 'pantry', 'rice']",14.0,https://vsj.bites.com.my/collections/groceries/products/jasmine-sunwhite-fragrant-rice-5kg,31.88
vitagen less sugar asst twin pack 2x5x125ml,10.65,9,vitagen,"['beverages', 'chilled juices & drinks', 'christmas fair', 'cold beverages', 'dairy & eggs', 'except alcohol', 'fridge', 'groceries']","['beverages', 'chilled drinks', 'christmas fair', 'cultured milk', 'dairy', 'fridge', 'groceries', 'vitagen']",0.0,https://vsj.bites.com.my/collections/groceries/products/vitagen-less-sugar-asst-twin-pack-2x5x125ml,
mission tortilla original wraps 360g,8.6,16,mission,"['bakery', 'bread', 'except alcohol', 'groceries']","['bakery', 'bread', 'groceries', 'mission']",0.0,https://vsj.bites.com.my/collections/groceries/products/mission-tortilla-original-wraps-360g,
dutch lady uht full cream 3x1l,21.7,9999,dutch lady,"['beverages', 'dairy & eggs', 'except alcohol', 'fridge', 'groceries', 'uht milk']","['beverages', 'dairy', 'dutch lady', 'groceries', 'on sale', 'uht milk']",13.0,https://vsj.bites.com.my/collections/groceries/products/dutch-lady-uht-full-cream-3x1l,18.88
anchor wheat flour 1kg,3.9,62,anchor,"['baking ingredients', 'except alcohol', 'groceries', 'pantry']","['anchor', 'baking', 'flour', 'groceries', 'pantry']",0.0,https://vsj.bites.com.my/collections/groceries/products/anchor-wheat-flour-1kg,
arnotts tim tam original 200g,15.5,30,arnott's,"['biscuits & cookies', 'christmas fair', 'except alcohol', 'groceries', 'october deals', 'pantry', 'snacks & sweets']","[""arnott's"", 'biscuits', 'christmas fair', 'cookies', 'groceries', 'october deals', 'on sale', 'pantry', 'snacks']",8.0,https://vsj.bites.com.my/collections/groceries/products/arnotts-tim-tam-original-200g,14.28
gardenia numee yellow noodles 450g,2.0,5,gardenia,"['except alcohol', 'groceries', 'pantry']","['gardenia', 'groceries', 'noodle', 'pantry']",0.0,https://vsj.bites.com.my/collections/groceries/products/gardenia-numee-yellow-noodles-450g,
gardenia bun sambal bilis 60g,1.6,21,gardenia,"['bakery', 'bread', 'except alcohol', 'groceries', 'pantry']","['bakery', 'bread', 'gardenia', 'groceries', 'pantry']",0.0,https://vsj.bites.com.my/collections/groceries/products/gardenia-bun-sambal-bilis-60g,
ayam brand tuna chunk in water 150g,7.7,37,ayam brand,"['canned food & instant meals', 'except alcohol', 'groceries', 'pantry']","['ayam brand', 'canned food', 'groceries', 'instant meals', 'on sale', 'pantry']",3.0,https://vsj.bites.com.my/collections/groceries/products/ayam-brand-tuna-chunk-in-water-150gm,7.49
ufc refresh coconut water 1l,9.0,24,ufc,"['beverages', 'except alcohol', 'groceries']","['beverages', 'coconut water', 'groceries', 'mixed drink', 'ufc']",0.0,https://vsj.bites.com.my/collections/groceries/products/ufc-refresh-coconut-water-1l,
prego spaghetti 500g,5.2,28,prego,"['christmas fair', 'cny fair', 'except alcohol', 'groceries', 'pantry', 'pasta', 'pasta', 'rice & noodles']","['christmas fair', 'cny fair', 'groceries', 'on sale', 'pantry', 'pasta', 'prego']",7.0,https://vsj.bites.com.my/collections/groceries/products/prego-spaghetti-500g,4.88
arnotts choc tim tam classic dark 200g,15.5,28,arnott's,"['biscuits & cookies', 'christmas fair', 'except alcohol', 'groceries', 'october deals', 'pantry', 'snacks & sweets']","[""arnott's"", 'biscuits', 'christmas fair', 'cookies', 'groceries', 'october deals', 'on sale', 'pantry', 'snacks']",8.0,https://vsj.bites.com.my/collections/groceries/products/arnotts-choc-tim-tam-classic-dark-200g,14.28
milo rtd uht 5+1x200ml,10.45,9,bites shop,"['beverages', 'except alcohol', 'groceries']","['back 2 skool', 'beverages', 'cold drinks', 'groceries', 'malt drinks', 'milo', 'sahur']",0.0,https://vsj.bites.com.my/collections/groceries/products/milo-rtd-uht-5-1x200ml,
jasmine bihun 400g,3.5,23,jasmine,"['except alcohol', 'groceries', 'pantry', 'pasta', 'rice & noodles']","['bihun', 'groceries', 'jasmine', 'noodles', 'pantry', 'vermicelli']",0.0,https://vsj.bites.com.my/collections/groceries/products/jasmine-bihun-400g,
san remo spaghetti no.5 500gm,5.3,22,san remo,"['christmas fair', 'cny fair', 'except alcohol', 'groceries', 'pantry', 'pasta', 'pasta', 'rice & noodles']","['christmas fair', 'cny fair', 'groceries', 'noodles', 'on sale', 'pantry', 'pasta', 'san remo', 'spaghetti']",12.0,https://vsj.bites.com.my/collections/groceries/products/san-remo-spaghetti-no-5-500gm,4.68
vitagen assorted 5x125ml,5.1,14,vitagen,"['beverages', 'chilled juices & drinks', 'cold beverages', 'dairy & eggs', 'except alcohol', 'fridge', 'groceries', 'milk']","['beverages', 'chilled drinks', 'dairy', 'fridge', 'milk', 'vitagen']",0.0,https://vsj.bites.com.my/collections/groceries/products/vitagen-assorted-5x125ml,
milo australia 1kg,50.9,81,milo,"['beverages', 'except alcohol', 'groceries', 'hot beverages']","['beverages', 'chocolate drinks', 'groceries', 'hot beverages', 'milo', 'nestle']",0.0,https://vsj.bites.com.my/collections/groceries/products/milo-australia-1kg,
ayam brand sardines tall 425g,10.45,14,ayam brand,"['canned food & instant meals', 'except alcohol', 'groceries', 'pantry']","['ayam brand', 'canned food', 'groceries', 'instant meals', 'pantry']",0.0,https://vsj.bites.com.my/collections/groceries/products/ayam-brand-sardines-tall-425g,
barilla spaghetti 500g,8.15,20,barilla,"['except alcohol', 'groceries', 'pantry', 'pasta', 'pasta', 'rice & noodles']","['barilla', 'groceries', 'on sale', 'pantry', 'pasta']",11.0,https://vsj.bites.com.my/collections/groceries/products/barilla-spaghetti-500g,7.28
massimo white s.loaf 600g,4.3,7,massimo,"['bakery', 'bread', 'except alcohol', 'groceries']","['bakery', 'bread', 'massimo']",0.0,https://vsj.bites.com.my/collections/groceries/products/massimo-white-s-loaf-600g,
farmhouse fresh milk 2x1l,24.35,6,farmhouse,"['beverages', 'dairy & eggs', 'except alcohol', 'fridge', 'groceries', 'milk']","['beverages', 'dairy', 'farmhousefridge', 'groceries', 'milk', 'on sale']",7.0,https://vsj.bites.com.my/collections/groceries/products/farmhouse-fresh-milk-2x1l,22.68
maggi tomato ketchup 475g,5.95,10,maggi,"['except alcohol', 'groceries', 'pantry', 'sauces', 'oil & vinegar']","['groceries', 'maggi', 'on sale', 'pantry', 'sauces', 'tomato ketchup']",7.0,https://vsj.bites.com.my/collections/groceries/products/maggi-tomato-ketchup-475g,5.58
faiza moghul basmathi rice 5kg,51.9,3,faiza,"['except alcohol', 'groceries', 'pantry', 'pasta', 'rice & noodles', 'rice']","['faiza', 'groceries', 'pantry', 'rice']",0.0,https://vsj.bites.com.my/collections/groceries/products/faiza-moghul-basmathi-rice-5kg,
ayam brand chilli tuna 160g,7.7,14,ayam brand,"['canned food & instant meals', 'except alcohol', 'groceries', 'pantry']","['ayam brand', 'canned food', 'groceries', 'instant meals', 'on sale', 'pantry']",3.0,https://vsj.bites.com.my/collections/groceries/products/ayam-brand-chilli-tuna-160gm,7.49
vitagen apple 5x125ml,4.95,9,vitagen,"['beverages', 'chilled juices & drinks', 'cold beverages', 'dairy & eggs', 'except alcohol', 'fridge', 'groceries', 'milk']","['beverages', 'chilled drinks', 'dairy', 'fridge', 'milk', 'vitagen']",0.0,https://vsj.bites.com.my/collections/groceries/products/vitagen-apple-5x125ml,
csr natural brown sugar 1kg,5.45,3,csr,"['cooking ingredients', 'except alcohol', 'groceries', 'nuts', 'seeds & dried goods', 'pantry']","['cooking', 'cooking ingredients', 'dried goods', 'groceries', 'pantry', 'sugar']",0.0,https://vsj.bites.com.my/collections/groceries/products/csr-natural-brown-sugar-1kg,
jasmine sunwhite fragrant rice 10kg,71.0,6,jasmine,"['except alcohol', 'groceries', 'pantry', 'pasta', 'rice & noodles', 'rice']","['fragrant rice', 'groceries', 'jasmine', 'on sale', 'pantry', 'rice']",16.0,https://vsj.bites.com.my/collections/groceries/products/jasmine-sunwhite-fragrant-rice-10kg,59.88
sanitarium so good almond milk unsweetened 1l,12.2,35,sanitarium,"['beverages', 'christmas fair', 'cny fair', 'dairy & eggs', 'except alcohol', 'fridge', 'groceries', 'milk']","['almond milk', 'beverages', 'christmas fair', 'cny fair', 'dairy', 'groceries', 'milk', 'on sale', 'sanitarium']",13.0,https://vsj.bites.com.my/collections/groceries/products/sanitarium-so-good-almond-milk-unsweetened-1l,10.68
vitagen asst less sugar 5x125ml,5.4,7,vitagen,"['beverages', 'chilled juices & drinks', 'cold beverages', 'dairy & eggs', 'except alcohol', 'fridge', 'groceries', 'milk']","['beverages', 'chilled drinks', 'dairy', 'fridge', 'groceries', 'milk', 'vitagen']",0.0,https://vsj.bites.com.my/collections/groceries/products/vitagen-asst-less-sugar-5x125ml,
spritzer mineral water 9.5l,10.9,2,spritzer,"['best seller', 'beverages', 'except alcohol', 'groceries', 'water']","['best seller', 'beverages', 'groceries', 'mineral water', 'spritzer', 'water']",0.0,https://vsj.bites.com.my/collections/groceries/products/spritzer-mineral-water-95l,
star flavour vanilla 25ml,3.0,15,star brand,"['baking ingredients', 'cny fair', 'except alcohol', 'groceries', 'pantry']","['baking', 'cny fair', 'colouring', 'groceries', 'on sale', 'pantry', 'star brand']",4.0,https://vsj.bites.com.my/collections/groceries/products/star-flavour-vanilla-25ml,2.88
ayam brand trim coconut milk 200ml,3.3,11,ayam brand,"['cooking ingredients', 'except alcohol', 'groceries', 'pantry']","['ayam brand', 'condiment', 'cooking', 'groceries', 'pantry']",0.0,https://vsj.bites.com.my/collections/groceries/products/ayam-brand-trim-coconut-milk-200ml,
oreo vanilla 119.6g,3.5,23,oreo,"['biscuits & cookies', 'christmas fair', 'cny fair', 'except alcohol', 'groceries', 'pantry', 'snacks & sweets']","['biscuits', 'christmas fair', 'cny fair', 'on sale', 'oreo', 'pantry', 'snacks']",10.0,https://vsj.bites.com.my/collections/groceries/products/oreo-vanilla-119-6g,3.18
ayam brand tuna chunks in olive oil light 150g,7.7,31,ayam brand,"['canned food & instant meals', 'except alcohol', 'groceries', 'pantry']","['ayam brand', 'canned food', 'groceries', 'instant meals', 'on sale', 'pantry']",3.0,https://vsj.bites.com.my/collections/groceries/products/ayam-brand-tuna-light-chunk-i-olive-oil-150gm,7.49
maggi chicken 5x77g,6.25,5,maggi,"['canned food & instant meals', 'childhood memories', 'childhood memories', 'except alcohol', 'groceries', 'pantry']","['childhood memories', 'groceries', 'instant food', 'instant meals', 'instant noodles', 'maggi', 'on sale', 'pantry']",8.0,https://vsj.bites.com.my/collections/groceries/products/maggi-chicken-5x77g,5.78
carnation evaporated creamer 390g,4.25,20,carnation,"['childhood memories', 'childhood memories', 'except alcohol', 'groceries', 'pantry']","['carnation', 'childhood memories', 'creamer', 'evaporated creamer', 'groceries', 'on sale', 'pantry']",7.0,https://vsj.bites.com.my/collections/groceries/products/carnation-evaporated-creamer-390g,3.98
maggi big chicken 5x103g,7.1,4,maggi,"['canned food & instant meals', 'except alcohol', 'groceries', 'pantry']","['groceries', 'instant meals', 'instant noodles', 'maggi', 'pantry']",0.0,https://vsj.bites.com.my/collections/groceries/products/maggi-big-chicken-5x103g,
prego macaroni 500g,5.2,18,prego,"['christmas fair', 'cny fair', 'except alcohol', 'groceries', 'pantry', 'pasta', 'pasta', 'rice & noodles']","['christmas fair', 'cny fair', 'groceries', 'on sale', 'pantry', 'pasta', 'prego']",7.0,https://vsj.bites.com.my/collections/groceries/products/prego-macaroni-500g,4.88
marigold 100% juice apple 1l,7.35,9,marigold,"['beverages', 'christmas fair', 'except alcohol', 'groceries', 'juices & fruit drinks']","['beverages', 'christmas fair', 'fruit drinks', 'groceries', 'juices', 'marigold', 'on sale']",20.0,https://vsj.bites.com.my/collections/groceries/products/marigold-100-juice-apple-1l,5.88
lotus caramelised biscuits 2sx8 124g,7.15,6,biscoff,"['biscuits & cookies', 'except alcohol', 'groceries', 'pantry', 'snacks & sweets']","['biscuits', 'cookies', 'groceries', 'lotus', 'lotus biscoff', 'pantry', 'snacks']",0.0,https://vsj.bites.com.my/collections/groceries/products/lotus-caramelised-biscuits-2sx8-124g,
mission tortilla chips original 170g,7.8,8,mission,"['chips & crackers', 'except alcohol', 'groceries', 'pantry', 'snacks & sweets']","['chips', 'groceries', 'mission', 'pantry', 'snacks']",0.0,https://vsj.bites.com.my/collections/groceries/products/mission-tortilla-chips-original-170g,
farmhouse hical low fat 2x1l,24.35,15,farmhouse,"['beverages', 'dairy & eggs', 'except alcohol', 'fridge', 'groceries', 'milk']","['beverages', 'dairy', 'farmhousefridge', 'groceries', 'milk', 'on sale']",0.0,https://vsj.bites.com.my/collections/groceries/products/farmhouse-hical-low-fat-2x1l,22.68
vitagen grape 5x125ml,4.95,34,vitagen,"['beverages', 'chilled juices & drinks', 'cold beverages', 'dairy & eggs', 'except alcohol', 'fridge', 'groceries', 'milk']","['beverages', 'chilled drinks', 'dairy', 'fridge', 'milk', 'vitagen']",0.0,https://vsj.bites.com.my/collections/groceries/products/vitagen-grape-5x125ml,
ayam brand baked bean light 425gm,4.6,6,ayam brand,"['canned food & instant meals', 'except alcohol', 'groceries', 'pantry']","['ayam brand', 'canned food', 'groceries', 'instant meals', 'pantry']",0.0,https://vsj.bites.com.my/collections/groceries/products/ayam-brand-baked-bean-light-425gm,
dutch lady uht low fat 3x1l,21.7,10,dutch lady,"['beverages', 'dairy & eggs', 'except alcohol', 'fridge', 'groceries', 'uht milk']","['beverages', 'dairy', 'dutch lady', 'groceries', 'on sale', 'uht milk']",13.0,https://vsj.bites.com.my/collections/groceries/products/dutch-lady-uht-low-fat-3x1l,18.88
ayam brand baked beans in t/s 230gm,3.35,11,ayam brand,"['canned food & instant meals', 'except alcohol', 'groceries', 'pantry']","['ayam brand', 'canned food', 'groceries', 'instant meals', 'pantry']",0.0,https://vsj.bites.com.my/collections/groceries/products/ayam-brand-baked-beans-in-t-s-230gm,
maggi big curry 5x106g,7.1,39,maggi,"['canned food & instant meals', 'except alcohol', 'groceries', 'pantry']","['groceries', 'instant meals', 'instant noodles', 'maggi', 'pantry']",0.0,https://vsj.bites.com.my/collections/groceries/products/maggi-big-curry-5x106g,
indomie mi goreng asli (promo) 10x80g,10.69,27,indomie,"['canned food & instant meals', 'except alcohol', 'groceries', 'pantry']","['groceries', 'indomie', 'instant meals', 'instant noodles', 'on sale', 'pantry']",7.0,https://vsj.bites.com.my/collections/groceries/products/indomie-mi-goreng-asli-promo-10x80g,9.98
san remo macaroni no.38 500gm,5.4,20,san remo,"['except alcohol', 'groceries', 'pantry', 'pasta', 'pasta', 'rice & noodles']","['groceries', 'noodles', 'on sale', 'pantry', 'pasta', 'san remo']",14.0,https://vsj.bites.com.my/collections/groceries/products/san-remo-macaroni-no-38-500gm,4.68
coca-cola zero sugar 1.5l,4.5,16,coca-cola,"['beverages', 'carbonated drinks', 'except alcohol', 'groceries']","['beverages', 'carbonated drinks', 'coca-cola', 'coke', 'cola', 'groceries', 'on sale']",16.0,https://vsj.bites.com.my/collections/groceries/products/coca-cola-zero-sugar-1-5l,3.78
sumo calrose rice 5kg,36.9,3,sumo,"['christmas fair', 'cny fair', 'except alcohol', 'groceries', 'pantry', 'pasta', 'rice & noodles', 'rice']","['christmas fair', 'cny fair', 'grains', 'groceries', 'japanese rice', 'on sale', 'pantry', 'rice', 'sumo']",22.0,https://vsj.bites.com.my/collections/groceries/products/sumo-calrose-rice-5kg,28.88
mcvitie's dark choc tp 632g,21.9,12,mcvities,"['biscuits & cookies', 'except alcohol', 'groceries', 'pantry', 'snacks & sweets']","['biscuits', 'groceries', ""mcvitie's"", 'pantry', 'snacks']",0.0,https://vsj.bites.com.my/collections/groceries/products/mcvities-dark-choc-tp-632g,
barilla spaghettini n3 500g,8.15,28,barilla,"['except alcohol', 'groceries', 'pantry', 'pasta', 'pasta', 'rice & noodles']","['barilla', 'groceries', 'on sale', 'pantry', 'pasta']",11.0,https://vsj.bites.com.my/collections/groceries/products/barilla-spaghettini-n3-500g,7.28
carlsberg beer can (gl) 6x320ml,44.0,64,carlsberg,"['alcohol', 'beer', 'beer & cider', 'beverages', 'beverages offer', 'groceries']","['alcohol', 'beer', 'beverages', 'beverages offer', 'booze', 'carlsberg', 'on sale']",26.0,https://vsj.bites.com.my/collections/groceries/products/carlsberg-beer-can-gl-6x320ml,32.88
ayam brand sardine jitney 155g,5.15,65,ayam brand,"['canned food & instant meals', 'except alcohol', 'groceries', 'pantry']","['ayam brand', 'canned food', 'groceries', 'instant meals', 'pantry']",0.0,https://vsj.bites.com.my/collections/groceries/products/ayam-brand-sardine-jitney-155g,
mission tortilla chips cheese 170g,7.8,9,mission,"['chips & crackers', 'except alcohol', 'groceries', 'pantry', 'snacks & sweets']","['chips', 'groceries', 'mission', 'pantry', 'snacks']",0.0,https://vsj.bites.com.my/collections/groceries/products/mission-tortilla-chips-cheese-170g,
mission wraps garlic 8's 360gm,8.6,27,mission,"['bakery', 'bread', 'except alcohol', 'groceries']","['bakery', 'bread', 'groceries', 'mission']",0.0,https://vsj.bites.com.my/collections/groceries/products/mission-wraps-garlic-8-s-360gm,
coca cola rasa asli 1.5l,4.5,16,coca-cola,"['*raya fair', 'beverages', 'carbonated drinks', 'except alcohol', 'groceries']","['beverages', 'carbonated drinks', 'coca-cola', 'coke', 'cola', 'groceries', 'on sale', 'salam aidilfitri']",16.0,https://vsj.bites.com.my/collections/groceries/products/coca-cola-rasa-asli-1-5l,3.78
kewpie mayonnaise japanese style 310ml,11.35,32,kewpie,"['condiments & salad dressings', 'except alcohol', 'groceries', 'pantry']","['condiments', 'groceries', 'kewpie', 'mayonnaise', 'pantry']",0.0,https://vsj.bites.com.my/collections/groceries/products/kewpie-mayonnaise-japanese-style-310ml,
lkk panda oyster sauce 510g,9.0,15,lee kum kee,"['except alcohol', 'groceries', 'pantry', 'sauces', 'oil & vinegar']","['lee kum kee', 'oyster sauce', 'pantry', 'sauces']",0.0,https://vsj.bites.com.my/collections/groceries/products/lkk-panda-oyster-sauce-510g,
ayam brand chilli tuna light 160g,7.7,7,ayam brand,"['canned food & instant meals', 'except alcohol', 'groceries', 'pantry']","['ayam brand', 'canned food', 'groceries', 'instant meals', 'on sale', 'pantry']",3.0,https://vsj.bites.com.my/collections/groceries/products/ayam-brand-chilli-tuna-light-160gm,7.49
maggi chicken stock cube 60g,3.4,59,maggi,"['cooking ingredients', 'except alcohol', 'groceries', 'herbs & spices', 'pantry']","['groceries', 'maggi', 'pantry', 'seasoning']",0.0,https://vsj.bites.com.my/collections/groceries/products/maggi-chicken-stock-cube-60g,
homesoy no sugar added 1l,3.9,5,homesoy,"['beverages', 'cny fair', 'dairy & eggs', 'except alcohol', 'fridge', 'groceries', 'mixed drinks & cordials']","['beverages', 'cny fair', 'dairy', 'groceries', 'homesoy', 'mixed drinks', 'on sale', 'soy drinks', 'soy milk']",9.0,https://vsj.bites.com.my/collections/groceries/products/homesoy-no-sugar-added-1l,3.58
f&n scfm pekat manis 500g,5.55,23,bites shop,"['beverages', 'except alcohol', 'groceries', 'hot beverages']","['beverages', 'creamer', 'f&n', 'groceries', 'hot beverages', 'sweetener']",0.0,https://vsj.bites.com.my/collections/groceries/products/fn-scfm-pekat-manis-500g,
maggi chilli sauce 500g,6.0,11,maggi,"['childhood memories', 'childhood memories', 'condiments & salad dressings', 'except alcohol', 'groceries', 'pantry', 'sauces', 'oil & vinegar']","['childhood memories', 'chilli sauce', 'condiments', 'groceries', 'maggi', 'on sale', 'pantry', 'sauces']",7.0,https://vsj.bites.com.my/collections/groceries/products/maggi-chilli-sauce-500g,5.58
sumo calrose rice 1kg,11.1,24,sumo,"['except alcohol', 'groceries', 'pantry', 'pasta', 'rice & noodles', 'rice']","['grains', 'groecries', 'pantry', 'rice', 'sumo']",0.0,https://vsj.bites.com.my/collections/groceries/products/sumo-calrose-rice-1kg,
arnotts tim tam double chocolate 200g,15.5,14,arnott's,"['biscuits & cookies', 'christmas fair', 'except alcohol', 'groceries', 'october deals', 'pantry', 'snacks & sweets']","[""arnott's"", 'biscuits', 'christmas fair', 'cookies', 'groceries', 'october deals', 'on sale', 'pantry', 'snacks']",8.0,https://vsj.bites.com.my/collections/groceries/products/arnotts-tim-tam-double-chocolate-200g,14.28
gardenia toast'em choco raisin 360g,5.5,27,gardenia,"['bakery', 'bread', 'except alcohol', 'groceries', 'pantry']","['bakery', 'bread', 'gardenia', 'groceries', 'pantry']",0.0,https://vsj.bites.com.my/collections/groceries/products/gardenia-toast-em-choco-raisin-360g,
maggi tomato sauce 325g,4.45,30,maggi,"['except alcohol', 'groceries', 'pantry', 'sauces', 'oil & vinegar']","['groceries', 'maggi', 'pantry', 'sauces', 'tomato ketchup']",0.0,https://vsj.bites.com.my/collections/groceries/products/maggi-tomato-sauce-325g,
adabi asam jawa xtra 200g,5.1,10,adabi,"['except alcohol', 'groceries', 'pantry']","['adabi', 'asam jawa', 'cooking ingredients', 'groceries', 'pantry']",0.0,https://vsj.bites.com.my/collections/groceries/products/adabi-asam-jawa-xtra-200g,
sanitarium so good almond milk 1l,12.2,34,sanitarium,"['beverages', 'christmas fair', 'cny fair', 'dairy & eggs', 'except alcohol', 'fridge', 'groceries', 'milk']","['almond milk', 'beverages', 'christmas fair', 'cny fair', 'dairy', 'groceries', 'milk', 'on sale', 'sanitarium']",13.0,https://vsj.bites.com.my/collections/groceries/products/sanitarium-so-good-almond-milk-1l,10.68
csr better brown sugar 1kg,5.95,4,csr,"['baking ingredients', 'cooking ingredients', 'except alcohol', 'groceries', 'nuts', 'seeds & dried goods', 'pantry']","['baking', 'baking ingredients', 'cooking', 'cooking ingredients', 'dried goods', 'groceries', 'pantry', 'sugar']",0.0,https://vsj.bites.com.my/collections/groceries/products/csr-better-brown-sugar-1kg,
pringles original 102g,7.8,43,pringles,"['chips & crackers', 'christmas fair', 'except alcohol', 'groceries', 'pantry', 'snacks & sweets']","['chips', 'christmas fair', 'groceries', 'on sale', 'pantry', 'pringles', 'snacks']",15.0,https://vsj.bites.com.my/collections/groceries/products/pringles-original-102g,6.68
mission tortilla chips garlic & butter 170g,7.8,7,mission,"['chips & crackers', 'except alcohol', 'groceries', 'pantry', 'snacks & sweets']","['chips', 'groceries', 'mission', 'pantry', 'snacks']",0.0,https://vsj.bites.com.my/collections/groceries/products/mission-tortilla-chips-garlic-butter-170g,
kjeldsens butter cookies 454g,39.45,16,kjeldsens,"['biscuits & cookies', 'childhood memories', 'childhood memories', 'except alcohol', 'groceries', 'pantry', 'snacks & sweets']","['biscuits', 'butter cookies', 'childhood memories', 'cookies', 'groceries', 'kjeldsens', 'on sale', 'pantry', 'snacks']",17.0,https://vsj.bites.com.my/collections/groceries/products/kjeldsens-butter-cookies-454g,32.88
mcvities digestive 400g,11.7,4,mcvitie's,"['biscuits & cookies', 'except alcohol', 'groceries', 'pantry', 'snacks & sweets']","['biscuits', 'groceries', ""mcvitie's"", 'pantry', 'snacks']",0.0,https://vsj.bites.com.my/collections/groceries/products/mcvities-digestive-400g,
nutella t350g,21.5,7,nutella,"['breakfast & cereals', 'except alcohol', 'groceries', 'october deals', 'pantry']","['breakfast', 'chocolate', 'chocolate spreads', 'groceries', 'nutella', 'october deals', 'pantry', 'spread']",0.0,https://vsj.bites.com.my/collections/groceries/products/nutella-t350g,
nutella hazelnut spread 200gm,12.2,25,nutella,"['breakfast & cereals', 'except alcohol', 'groceries', 'jams & spreads', 'pantry']","['breakfast', 'groceries', 'nutella', 'pantry', 'spreads']",0.0,https://vsj.bites.com.my/collections/groceries/products/nutella-hazelnut-spread-200gm,
nongshim shin ramyun 5x120gm,22.9,29,nongshim,"['canned food & instant meals', 'cny fair', 'except alcohol', 'groceries', 'pantry']","['cny fair', 'groceries', 'instant meals', 'instant noodles', 'nongshim', 'on sale', 'pantry']",13.0,https://vsj.bites.com.my/collections/groceries/products/nongshim-shin-ramyun-5x120gm,19.98
nutella t680g,39.5,8,nutella,"['breakfast & cereals', 'except alcohol', 'groceries', 'jams & spreads', 'pantry']","['breakfast', 'groceries', 'nutella', 'pantry', 'spreads']",0.0,https://vsj.bites.com.my/collections/groceries/products/nutella-t680g,
milo softpack 400g,10.25,20,milo,"['beverages', 'except alcohol', 'groceries', 'hot beverages']","['beverages', 'groceries', 'hot beverages', 'milo']",0.0,https://vsj.bites.com.my/collections/groceries/products/milo-softpack-400g,
lotus caramelised biscuits (2x12) 186gm,9.3,14,biscoff,"['biscuits & cookies', 'except alcohol', 'groceries', 'pantry', 'snacks & sweets']","['biscuits', 'cookies', 'groceries', 'lotus', 'lotus biscoff', 'on sale', 'pantry', 'snacks']",8.0,https://vsj.bites.com.my/collections/groceries/products/lotus-caramelised-biscuits-2x12-186gm,8.58
naturel blend cooking oil 1kg,14.9,5,naturel,"['cooking ingredients', 'except alcohol', 'groceries', 'pantry', 'sauces', 'oil & vinegar']","['groceries', 'naturel', 'oil', 'on sale', 'pantry']",3.0,https://vsj.bites.com.my/collections/groceries/products/naturel-blend-cooking-oil-1kg,14.58
kara coconut cream 500ml,8.6,41,kara,"['except alcohol', 'groceries', 'pantry']","['bakingcoconut cream', 'groceries', 'kara', 'pantry']",0.0,https://vsj.bites.com.my/collections/groceries/products/kara-coconut-cream-500ml,
mauri-pan instant yeast 11g,1.1,77,mauri-pan,"['baking ingredients', 'except alcohol', 'groceries', 'pantry']","['baking', 'groceries', 'mauri pan', 'pantry', 'yeast']",0.0,https://vsj.bites.com.my/collections/groceries/products/mauri-pan-instant-yeast-11g,
mission wraps onion & chive 8's 360gm,8.6,6,mission,"['bakery', 'bread', 'except alcohol', 'groceries']","['bakery', 'bread', 'groceries', 'mission']",0.0,https://vsj.bites.com.my/collections/groceries/products/mission-wraps-onion-chive-8-s-360gm,
indomie mi goreng asli 5x80g,5.89,93,indomie,"['canned food & instant meals', 'christmas fair', 'except alcohol', 'groceries', 'pantry']","['christmas fair', 'groceries', 'indomie', 'instant meals', 'instant noodles', 'on sale', 'pantry']",0.0,https://vsj.bites.com.my/collections/groceries/products/indomie-mi-goreng-asli-5x80g,5.28
ced pure honey 500gm,14.0,20,ced,"['except alcohol', 'groceries', 'organic breakfast & spreads', 'organics', 'pantry']","['ced', 'groceries', 'organic honey', 'organics', 'pantry']",0.0,https://vsj.bites.com.my/collections/groceries/products/ced-pure-honey-500gm,
ribena blackcurrant 1l,16.85,32,ribena,"['beverages', 'deepavali fair', 'except alcohol', 'groceries', 'mixed drinks & cordials']","['beverages', 'cordial', 'deepavali fair', 'groceries', 'mixed drinks', 'on sale', 'ribena']",12.0,https://vsj.bites.com.my/collections/groceries/products/ribena-blackcurrant-1l,14.88
indomie mi goreng special (promo) 10x85g,10.69,8,indomie,"['canned food & instant meals', 'except alcohol', 'groceries', 'pantry']","['groceries', 'indomie', 'instant meals', 'instant noodles', 'on sale', 'pantry']",7.0,https://vsj.bites.com.my/collections/groceries/products/indomie-mi-goreng-special-promo-10x85g,9.98
colavita pure olive oil 750ml,51.9,15,colavita,"['cooking ingredients', 'except alcohol', 'groceries', 'pantry', 'sauces', 'oil & vinegar']","['colavita', 'groceries', 'oil', 'olive oil', 'pantry']",0.0,https://vsj.bites.com.my/collections/groceries/products/colavita-pure-olive-oil-750ml,
v-soy low sugar uht 1l,6.95,5,v-soy,"['beverages', 'coffee day', 'cold beverages', 'dairy & eggs', 'except alcohol', 'groceries', 'milk', 'mixed drinks & cordials']","['beverages', 'coffee day', 'cold beverages', 'groceries', 'milk', 'soy milk', 'v-soy']",0.0,https://vsj.bites.com.my/collections/groceries/products/v-soy-low-sugar-uht-1l,
thins potato chips original 175g,15.9,4,thins,"['chips & crackers', 'christmas fair', 'except alcohol', 'groceries', 'pantry', 'snacks & sweets']","['chips', 'christmas fair', 'groceries', 'pantry', 'potato chips', 'snacks', 'thins']",0.0,https://vsj.bites.com.my/collections/groceries/products/thins-potato-chips-original-175g,
pringles sour cream & onion 102g,7.8,44,pringles,"['chips & crackers', 'christmas fair', 'except alcohol', 'groceries', 'pantry', 'snacks & sweets']","['chips', 'christmas fair', 'groceries', 'on sale', 'pantry', 'pringles', 'snacks']",15.0,https://vsj.bites.com.my/collections/groceries/products/pringles-sour-cream-onion-102g,6.68
mission tortilla chips tomato 170g,7.8,8,mission,"['chips & crackers', 'except alcohol', 'groceries', 'pantry', 'snacks & sweets']","['chips', 'groceries', 'mission', 'pantry', 'snacks']",0.0,https://vsj.bites.com.my/collections/groceries/products/mission-tortilla-chips-tomato-170g,
mission wraps wholegrain 8's 360gm,8.6,6,mission,"['bakery', 'bread', 'except alcohol', 'groceries']","['bakery', 'bread', 'groceries', 'mission']",0.0,https://vsj.bites.com.my/collections/groceries/products/mission-wraps-wholegrain-8-s-360gm,
lkk light soy sauce 500ml,6.0,12,lee kum kee,"['except alcohol', 'groceries', 'pantry', 'sauces', 'oil & vinegar']","['lee kum kee', 'pantry', 'sauces']",0.0,https://vsj.bites.com.my/collections/groceries/products/lkk-light-soy-sauce-500ml,
garden water cracker 125g,11.75,9,garden,"['chips & crackers', 'except alcohol', 'groceries', 'pantry', 'snacks & sweets']","['crackers', 'garden', 'groceries', 'pantry', 'snacks']",0.0,https://vsj.bites.com.my/collections/groceries/products/garden-water-cracker-125g,
mcvities digestive twin pack 2x360g,19.9,38,mcvitie's,"['biscuits & cookies', 'except alcohol', 'groceries', 'pantry', 'snacks & sweets']","['biscuits', 'cookies', 'groceries', 'imported', ""mcvitie's"", 'pantry', 'snacks']",0.0,https://vsj.bites.com.my/collections/groceries/products/mcvities-digestive-twin-pack-2x360g,
homesoy original 1l,3.9,8,homesoy,"['beverages', 'cny fair', 'dairy & eggs', 'except alcohol', 'fridge', 'groceries', 'mixed drinks & cordials']","['beverages', 'cny fair', 'dairy', 'groceries', 'homesoy', 'mixed drinks', 'on sale', 'soy drinks', 'soy milk']",9.0,https://vsj.bites.com.my/collections/groceries/products/homesoy-original-1l,3.58
ayam brand deli tuna mayo 160g,7.7,29,ayam brand,"['canned food & instant meals', 'except alcohol', 'groceries', 'pantry']","['ayam brand', 'canned food', 'groceries', 'instant meals', 'on sale', 'pantry']",3.0,https://vsj.bites.com.my/collections/groceries/products/ayam-brand-deli-tuna-mayo-160gm,7.49
angel kicap cair 750ml,12.15,24,angel brand,"['except alcohol', 'groceries', 'pantry', 'sauces', 'oil & vinegar']","['angel brand', 'groceries', 'pantry', 'sauces', 'soy sauce']",0.0,https://vsj.bites.com.my/collections/groceries/products/angel-kicap-cair-750ml,
100 plus original 1.5l,4.45,42,100 plus,"['beverages', 'carbonated drinks', 'cny fair', 'except alcohol', 'groceries', 'sports & energy drinks']","['100plus', 'beverages', 'carbonated drinks', 'cny fair', 'energy drinks', 'sports drink']",0.0,https://vsj.bites.com.my/collections/groceries/products/100-plus-original-1-5l,
heinz chicken broth 1l,20.25,30,heinz,"['cny fair', 'condiments & salad dressings', 'except alcohol', 'groceries', 'pantry']","['chicken broth', 'cny fair', 'condiments', 'groceries', 'heinz', 'on sale', 'pantry', 'soup']",22.0,https://vsj.bites.com.my/collections/groceries/products/heinz-chicken-broth-1l,15.88
mission quinoa wraps 360g,9.0,12,mission,"['bakery', 'bread', 'except alcohol', 'groceries']","['bakery', 'bread', 'groceries', 'mission', 'on sale']",0.0,https://vsj.bites.com.my/collections/groceries/products/mission-quinoa-wraps-360g,
ayam brand sardines 230g,7.15,25,ayam brand,"['canned food & instant meals', 'except alcohol', 'groceries', 'pantry']","['ayam brand', 'canned food', 'groceries', 'instant meals', 'pantry']",0.0,https://vsj.bites.com.my/collections/groceries/products/ayam-brand-sardines-230g,
pama plain bihun gold instant 350g,6.35,23,pama,"['canned food & instant meals', 'christmas fair', 'cny fair', 'except alcohol', 'groceries', 'pantry']","['christmas fair', 'cny fair', 'groceries', 'instant meals', 'instant noodles', 'on sale', 'pama', 'pantry']",6.0,https://vsj.bites.com.my/collections/groceries/products/pama-plain-bihun-gold-instant-350g,5.98
kinder bueno t6 fp 3x43gm,13.5,27,kinder bueno,"['cny fair', 'except alcohol', 'groceries', 'pantry', 'snacks & sweets']","['chocolate', 'cny fair', 'groceries', 'kinder', 'on sale', 'pantry', 'snacks', 'sweets']",7.0,https://vsj.bites.com.my/collections/groceries/products/kinder-bueno-t6-fp-3x43gm,12.68
milo activ-go uht 4x125ml,5.65,14,bites shop,"['beverages', 'childhood memories', 'childhood memories', 'dairy & eggs', 'except alcohol', 'fridge', 'groceries', 'milk']","['beverages', 'childhood memories', 'chocolate drinks', 'dairy', 'fridge', 'milk', 'milo', 'on sale']",1.0,https://vsj.bites.com.my/collections/groceries/products/milo-activ-go-uht-4x125ml,5.6
gardenia roll up wraps wholemeal 5x45g,5.2,14,gardenia,"['bakery', 'bread', 'except alcohol', 'groceries', 'pantry']","['bakery', 'bread', 'gardenia', 'groceries', 'pantry']",0.0,https://vsj.bites.com.my/collections/groceries/products/gardenia-roll-up-wraps-wholemeal-5x45g,
faiza moghul basmathi rice 1kg,11.5,11,faiza,"['except alcohol', 'groceries', 'pantry', 'pasta', 'rice & noodles', 'rice']","['faiza', 'groceries', 'pantry', 'rice']",0.0,https://vsj.bites.com.my/collections/groceries/products/faiza-moghul-basmathi-rice-1kg,
knorr cube chicken 60g,3.25,33,knorr,"['cooking ingredients', 'except alcohol', 'groceries', 'herbs & spices', 'pantry']","['groceries', 'knorr', 'pantry', 'seasoning']",0.0,https://vsj.bites.com.my/collections/groceries/products/knorr-cube-chicken-60g,
san remo angel hair no.9 500gm,5.3,23,san remo,"['christmas fair', 'cny fair', 'except alcohol', 'groceries', 'pantry', 'pasta', 'pasta', 'rice & noodles']","['christmas fair', 'cny fair', 'groceries', 'noodles', 'on sale', 'pantry', 'pasta', 'san remo']",12.0,https://vsj.bites.com.my/collections/groceries/products/san-remo-angel-hair-no-9-500gm,4.68
msm prai coarse sugar 1kg,2.85,77,msm,"['baking ingredients', 'cooking ingredients', 'except alcohol', 'groceries', 'nuts', 'seeds & dried goods', 'pantry']","['baking', 'baking ingredients', 'cooking', 'cooking ingredients', 'dried goods', 'groceries', 'pantry', 'sugar']",0.0,https://vsj.bites.com.my/collections/groceries/products/msm-prai-coarse-sugar-1kg,
prego traditional pasta sauce 300g,5.95,15,prego,"['cny fair', 'condiments & salad dressings', 'except alcohol', 'groceries', 'pantry', 'sauces', 'oil & vinegar']","['cny fair', 'condiments', 'groceries', 'on sale', 'pantry', 'pasta sauces', 'prego', 'sauces']",5.0,https://vsj.bites.com.my/collections/groceries/products/prego-traditional-pasta-sauce-300g,5.68
you.c1000 lemon drink 6x140ml,18.2,16,you.c1000,"['beverages', 'chilled juices & drinks', 'cold beverages', 'except alcohol', 'groceries', 'juices & fruit drinks']","['beverages', 'chilled drinks', 'fruit drinks', 'groceries', 'on sale', 'you.c1000']",18.0,https://vsj.bites.com.my/collections/groceries/products/youc1000-lemon-drink-6x140ml,14.98
san remo penne rigati 500g,5.3,9,san remo,"['christmas fair', 'cny fair', 'except alcohol', 'groceries', 'pantry', 'pasta', 'pasta', 'rice & noodles']","['christmas fair', 'cny fair', 'groceries', 'noodles', 'on sale', 'pantry', 'pasta', 'san remo']",12.0,https://vsj.bites.com.my/collections/groceries/products/san-remo-penne-rigati-500g,4.68
pringles original (usa) 149g,10.0,8,pringles,"['chips & crackers', 'except alcohol', 'groceries', 'pantry', 'snacks & sweets']","['chips', 'groceries', 'pantry', 'pringles', 'snacks']",0.0,https://vsj.bites.com.my/collections/groceries/products/pringles-original-usa-149g,
pringles cheezy cheese 102g,7.8,38,pringles,"['chips & crackers', 'christmas fair', 'except alcohol', 'groceries', 'pantry', 'snacks & sweets']","['chips', 'christmas fair', 'groceries', 'on sale', 'pantry', 'pringles', 'snacks']",15.0,https://vsj.bites.com.my/collections/groceries/products/pringles-cheezy-cheese-102g,6.68
marigold uht milk full cream 1l,8.2,7,marigold,"['beverages', 'dairy & eggs', 'except alcohol', 'fridge', 'groceries', 'mixed drinks & cordials', 'uht milk']","['beverages', 'dairy', 'groceries', 'marigold', 'on sale', 'uht', 'uht milk']",8.0,https://vsj.bites.com.my/collections/groceries/products/marigold-uht-milk-full-cream-1l,7.58
lkk less salty soy sauce 500ml,9.05,16,lee kum kee,"['except alcohol', 'groceries', 'pantry', 'sauces', 'oil & vinegar']","['lee kum kee', 'pantry', 'sauces', 'soy sauce']",0.0,https://vsj.bites.com.my/collections/groceries/products/lkk-less-salty-soy-sauce-500ml,
faiza bihun siam 400gm,3.95,7,faiza,"['except alcohol', 'groceries', 'pantry', 'pasta', 'rice & noodles', 'rice']","['bihun', 'faiza', 'groceries', 'noodles', 'pantry', 'rice']",0.0,https://vsj.bites.com.my/collections/groceries/products/faiza-bihun-siam-400gm,
naturel soft margerine 500g,12.5,18,naturel,"['butter & margarine', 'dairy & eggs', 'except alcohol', 'groceries', 'pantry']","['chilled spread', 'groceries', 'margarine', 'naturel', 'on sale', 'pantry']",15.0,https://vsj.bites.com.my/collections/groceries/products/naturel-soft-margerine-500g,10.68
faiza kashmir basmathi rice 5kg,33.6,3,village grocer - subang parade,"['except alcohol', 'groceries', 'pantry', 'pasta', 'rice & noodles', 'rice']","['faiza', 'groceries', 'on sale', 'pantry', 'rice']",1.0,https://vsj.bites.com.my/collections/groceries/products/faiza-kashmir-basmathi-rice-5kg,33.5
mission tortilla chips multigrain 170g,8.8,6,mission,"['chips & crackers', 'except alcohol', 'groceries', 'pantry', 'snacks & sweets']","['chips', 'groceries', 'mission', 'pantry', 'snacks']",0.0,https://vsj.bites.com.my/collections/groceries/products/mission-tortilla-chips-multigrain-170g,
osk japanese green tea 50x2g,23.9,8,osk,"['beverages', 'coffee & tea', 'except alcohol', 'groceries', 'hot beverages']","['beverages', 'green tea', 'hot beverages', 'on sale', 'osk', 'tea']",13.0,https://vsj.bites.com.my/collections/groceries/products/osk-japanese-green-tea-50x2g,20.88
heinz tomato ketchup 300g,5.45,37,heinz,"['*korean fair', 'condiments & salad dressings', 'except alcohol', 'groceries', 'pantry', 'sauces', 'oil & vinegar']","['condiments', 'groceries', 'heinz', 'korean fair', 'on sale', 'pantry', 'sauces']",9.0,https://vsj.bites.com.my/collections/groceries/products/heinz-tomato-ketchup-300g,4.99
naturel extra virgin olive oil 750ml,54.5,4,naturel,"['christmas fair', 'cny fair', 'cooking ingredients', 'except alcohol', 'groceries', 'pantry', 'sauces', 'oil & vinegar']","['christmas fair', 'cny fair', 'cooking ingredient', 'groceries', 'naturel', 'oil', 'on sale', 'pantry']",9.0,https://vsj.bites.com.my/collections/groceries/products/naturel-extra-virgin-olive-oil-750ml,49.88
barilla fusilli 98 500g,8.4,9,barilla,"['except alcohol', 'groceries', 'pantry', 'pasta', 'pasta', 'rice & noodles']","['barilla', 'groceries', 'on sale', 'pantry', 'pasta']",14.0,https://vsj.bites.com.my/collections/groceries/products/barilla-fusilli-98-500g,7.28
munchys cream cracker 300g,5.95,11,munchy's,"['biscuits & cookies', 'except alcohol', 'groceries', 'pantry', 'snacks & sweets']","['cookies', 'groceries', ""munchy's"", 'pantry', 'snacks']",0.0,https://vsj.bites.com.my/collections/groceries/products/munchys-cream-cracker-300g,
nescafe gold rp 170g,36.45,9,nescafe,"['*korean fair', 'beverages', 'coffee & tea', 'except alcohol', 'groceries', 'hot beverages']","['beverages', 'coffee', 'groceries', 'hot beverages', 'korean fair', 'nescafe', 'on sale']",8.0,https://vsj.bites.com.my/collections/groceries/products/nescafe-gold-rp-170g,33.68
hosen longan 565g,10.25,14,hosen,"['cny fair', 'except alcohol', 'groceries', 'pantry']","['canned fruits', 'cny fair', 'groceries', 'hosen', 'on sale', 'pantry']",4.0,https://vsj.bites.com.my/collections/groceries/products/hosen-longan-565g,9.88
seri murni cooking oil 5kg,30.9,3,seri murni,"['cooking ingredients', 'except alcohol', 'groceries', 'pantry', 'sauces', 'oil & vinegar']","['cooking ingredients', 'cooking oil', 'groceries', 'minyak', 'oil', 'pantry']",0.0,https://vsj.bites.com.my/collections/groceries/products/seri-murni-cooking-oil-5kg,
carlsberg beer can (gl) 24x320ml,168.0,5,carlsberg,"['alcohol', 'alcohol deals', 'beer', 'beer & cider', 'beverages', 'beverages offer', 'groceries']","['alcohol', 'alcohol deals', 'beer', 'beverages', 'beverages offer', 'booze', 'carlsberg', 'on sale']",29.0,https://vsj.bites.com.my/collections/groceries/products/carlsberg-beer-can-gl-24x320ml,119.88
jasmine pusa cream basmathi sella parboi 5kg,49.9,3,jasmine,"['cny fair', 'except alcohol', 'groceries', 'pantry', 'pasta', 'rice & noodles', 'rice']","['cny fair', 'fragrant rice', 'groceries', 'jasmine', 'on sale', 'pantry', 'rice']",25.0,https://vsj.bites.com.my/collections/groceries/products/jasmine-pusa-cream-basmathi-sella-parboi-5kg,37.88
ideal evaporated 390g,5.5,48,ideal,"['childhood memories', 'childhood memories', 'except alcohol', 'groceries', 'pantry']","['canned milk', 'childhood memories', 'creamer', 'evaporated creamer', 'groceries', 'ideal', 'pantry']",0.0,https://vsj.bites.com.my/collections/groceries/products/ideal-evaporated-390g,
hellmann real mayonnaise squeezy 430ml,19.9,22,hellmann,"['condiments & salad dressings', 'except alcohol', 'groceries', 'pantry', 'sauces', 'oil & vinegar']","['condiments', 'groceries', 'hellmann', 'pantry', 'sauces']",0.0,https://vsj.bites.com.my/collections/groceries/products/hellmann-real-mayonnaise-squeezy-430ml,
f&n hi-cal krimer pekat manis 500g,4.4,28,f&n,"['beverages', 'except alcohol', 'groceries', 'hot beverages']","['beverages', 'creamer', 'f&n', 'groceries', 'hot beverages', 'on sale', 'sweetener']",10.0,https://vsj.bites.com.my/collections/groceries/products/f-n-hi-cal-krimer-pekat-manis-500g,3.98
kewpie dressing roasted sesame 500ml,19.7,18,kewpie,"['cny fair', 'condiments & salad dressings', 'except alcohol', 'groceries', 'pantry', 'sauces', 'oil & vinegar']","['cny fair', 'condiments', 'dressings', 'groceries', 'kewpie', 'on sale', 'pantry', 'sauces']",5.0,https://vsj.bites.com.my/collections/groceries/products/kewpie-dressing-roasted-sesame-500ml,18.88
guinness stout can 4x320ml,32.5,154,guinness,"['alcohol', 'beer', 'beer & cider', 'beverages', 'beverages offer', 'groceries']","['alcohol', 'beer', 'beverages', 'beverages offer', 'booze', 'guinness', 'on sale', 'stout']",27.0,https://vsj.bites.com.my/collections/groceries/products/guinness-stout-can-4x320ml,23.88
life chilli sauce 500g,5.6,14,life,"['condiments & salad dressings', 'except alcohol', 'groceries', 'pantry', 'sauces', 'oil & vinegar']","['chilli sauce', 'condiments', 'groceries', 'life', 'on sale', 'pantry', 'sauces']",5.0,https://vsj.bites.com.my/collections/groceries/products/life-chilli-sauce-500g,5.35
100 plus original rs 1.5l,4.45,27,100 plus,"['beverages', 'beverages offer', 'carbonated drinks', 'cny fair', 'except alcohol', 'groceries', 'sports & energy drinks']","['100plus', 'beverages', 'beverages offer', 'carbonated drinks', 'cny fair', 'energy drinks', 'sports drink']",0.0,https://vsj.bites.com.my/collections/groceries/products/100-plus-original-rs-1-5l,
bin bin rice cracker 150g,9.15,4,bin bin,"['chips & crackers', 'except alcohol', 'groceries', 'pantry', 'snacks & sweets']","['bin bin', 'crackers', 'groceries', 'on sale', 'pantry', 'snacks']",2.0,https://vsj.bites.com.my/collections/groceries/products/bin-bin-rice-cracker-150g,9.0
nestle koko krunch 300g,12.45,16,nestle,"['breakfast & cereals', 'except alcohol', 'groceries', 'pantry']","['breakfast', 'cereals', 'groceries', 'koko krunch', 'nestle', 'on sale', 'pantry']",5.0,https://vsj.bites.com.my/collections/groceries/products/nestle-koko-krunch-300g,11.88
coca-cola rasa asli 320ml,2.1,784,coca-cola,"['beverages', 'carbonated drinks', 'except alcohol', 'groceries', 'pantry']","['beverages', 'carbonated drinks', 'coca cola', 'groceries', 'pantry']",0.0,https://vsj.bites.com.my/collections/groceries/products/coca-cola-rasa-asli-320ml,
barilla bavette (linguine) n13 500g,8.15,23,barilla,"['except alcohol', 'groceries', 'pantry', 'pasta', 'pasta', 'rice & noodles']","['barilla', 'groceries', 'on sale', 'pantry', 'pasta']",11.0,https://vsj.bites.com.my/collections/groceries/products/barilla-bavette-linguine-n13-500g,7.28
ayam brand sweet corn 200g,3.8,6,ayam brand,"['canned food & instant meals', 'except alcohol', 'groceries', 'pantry']","['ayam brand', 'canned food', 'groceries', 'instant meals', 'pantry']",0.0,https://vsj.bites.com.my/collections/groceries/products/ayam-brand-sweet-corn-200g,
spritzer mineral water 1.25l,2.6,12,spritzer,"['beverages', 'except alcohol', 'groceries', 'water']","['beverages', 'groceries', 'mineral water', 'spritzer', 'water']",0.0,https://vsj.bites.com.my/collections/groceries/products/spritzer-mineral-water-1-25l,
nutella b ready 132g,15.1,9,nutella,"['except alcohol', 'groceries', 'pantry', 'snacks & sweets']","['groceries', 'nutella', 'pantry', 'snacks']",0.0,https://vsj.bites.com.my/collections/groceries/products/nutella-b-ready-132g,
arnotts tim tam caramel chew biscuits 175g,15.5,49,arnott's,"['biscuits & cookies', 'christmas fair', 'except alcohol', 'groceries', 'october deals', 'pantry', 'snacks & sweets']","[""arnott's"", 'biscuits', 'christmas fair', 'cookies', 'groceries', 'october deals', 'on sale', 'pantry', 'snacks']",8.0,https://vsj.bites.com.my/collections/groceries/products/arnotts-tim-tam-caramel-chew-biscuits-175g,14.28
dutch lady uht milky frozen f/cream 4x125ml,5.75,12,dutch lady,"['beverages', 'dairy & eggs', 'except alcohol', 'fridge', 'groceries', 'milk', 'uht milk']","['beverages', 'dairy', 'dutch lady', 'groceries', 'milk', 'uht milk']",0.0,https://vsj.bites.com.my/collections/groceries/products/dutch-lady-uht-milky-frozen-fcream-4x125ml,
munchys topmix assorted biscuits 500g,9.7,9,munchy's,"['biscuits & cookies', 'except alcohol', 'groceries', 'pantry', 'snacks & sweets']","['biscuits', 'groceries', ""munchy's"", 'pantry', 'snacks']",0.0,https://vsj.bites.com.my/collections/groceries/products/munchys-topmix-assorted-biscuits-500g,
spritzer mineral water (6in1) 6x1.25l,14.52,2,spritzer,"['beverages', 'except alcohol', 'groceries', 'water']","['beverages', 'groceries', 'mineral water', 'spritzer', 'water']",0.0,https://vsj.bites.com.my/collections/groceries/products/spritzer-mineral-water-6in1-6x1-25l,
kimball spaghetti 400gm,4.05,37,kimball,"['except alcohol', 'groceries', 'pantry', 'pasta', 'pasta', 'rice & noodles']","['groceries', 'kimball', 'on sale', 'pantry', 'pasta', 'spaghetti']",7.0,https://vsj.bites.com.my/collections/groceries/products/kimball-spaghetti-400gm,3.78
tao kae noi big bang classic 50gm,12.75,4,tao kae noi,"['chips & crackers', 'christmas fair', 'cny fair', 'except alcohol', 'groceries', 'pantry', 'snacks & sweets']","['chips', 'christmas fair', 'cny fair', 'groceries', 'on sale', 'pantry', 'snacks', 'tao kae noi']",3.0,https://vsj.bites.com.my/collections/groceries/products/tao-kae-noi-big-bang-classic-50gm,12.48
kellogg's corn flakes 500g,16.05,5,kellogg's,"['breakfast & cereals', 'cny fair', 'except alcohol', 'groceries', 'pantry']","['breakfast', 'cereal', 'cny fair', 'groceries', ""kellogg's"", 'on sale', 'pantry']",6.0,https://vsj.bites.com.my/collections/groceries/products/kellogg-s-corn-flakes-500g,15.18
prego fettuccine 500g,5.2,18,prego,"['christmas fair', 'cny fair', 'except alcohol', 'groceries', 'pantry', 'pasta', 'pasta', 'rice & noodles']","['christmas fair', 'cny fair', 'groceries', 'on sale', 'pantry', 'pasta', 'prego']",7.0,https://vsj.bites.com.my/collections/groceries/products/prego-fettuccine-500g,4.88
spritzer mineral water 24x550ml,30.0,3,spritzer,"['beverages', 'except alcohol', 'groceries', 'water']","['beverages', 'groceries', 'mineral water', 'spritzer', 'water']",0.0,https://vsj.bites.com.my/collections/groceries/products/spritzer-mineral-water-24x550ml,
kellogg's coco pops 350g,14.9,21,kellogg's,"['breakfast & cereals', 'christmas fair', 'except alcohol', 'groceries', 'pantry']","['breakfast', 'cereal', 'christmas fair', 'groceries', ""kellogg's"", 'pantry']",0.0,https://vsj.bites.com.my/collections/groceries/products/kellogg-s-coco-pops-350g,
prego cheese/herbs creamy 290g,5.95,22,prego,"['cny fair', 'condiments & salad dressings', 'except alcohol', 'groceries', 'pantry', 'sauces', 'oil & vinegar']","['cny fair', 'condiments', 'groceries', 'on sale', 'pantry', 'pasta sauces', 'prego', 'sauces']",5.0,https://vsj.bites.com.my/collections/groceries/products/prego-cheese-herbs-creamy-290g,5.68
indomie mi goreng special 5x85g,5.89,93,indomie,"['canned food & instant meals', 'christmas fair', 'except alcohol', 'groceries', 'pantry']","['christmas fair', 'groceries', 'indomie', 'instant meals', 'instant noodles', 'on sale', 'pantry']",11.0,https://vsj.bites.com.my/collections/groceries/products/indomie-mi-goreng-special-5x85g,5.28
prego traditional pasta sauce 680g,14.6,22,prego,"['christmas fair', 'except alcohol', 'groceries', 'pantry', 'sauces', 'oil & vinegar']","['christmas fair', 'groceries', 'pantry', 'pasta sauce', 'prego', 'sauces']",0.0,https://vsj.bites.com.my/collections/groceries/products/prego-traditional-pasta-sauce-680g,
naturel extra virgin olive oil 250ml,21.5,9,naturel,"['cooking ingredients', 'except alcohol', 'groceries', 'pantry', 'sauces', 'oil & vinegar']","['groceries', 'naturel', 'oil', 'pantry']",0.0,https://vsj.bites.com.my/collections/groceries/products/naturel-extra-virgin-olive-oil-250ml,
mission tortilla chips hot&spicy 170g,7.8,8,mission,"['chips & crackers', 'except alcohol', 'groceries', 'pantry', 'snacks & sweets']","['chips', 'groceries', 'mission', 'pantry', 'snacks']",0.0,https://vsj.bites.com.my/collections/groceries/products/mission-tortilla-chips-hot-spicy-170g,
marigold peel fresh pink guava 2l,13.4,7,marigold,"['beverages', 'except alcohol', 'groceries', 'juices & fruit drinks']","['beverages', 'fruit drinks', 'groceries', 'juices', 'marigold']",0.0,https://vsj.bites.com.my/collections/groceries/products/marigold-peel-fresh-pink-guava-2l,
arnotts milk coffee biscuits 250g,12.15,9,arnott's,"['biscuits & cookies', 'except alcohol', 'groceries', 'october deals', 'pantry', 'snacks & sweets']","[""arnott's"", 'biscuits', 'cookies', 'groceries', 'october deals', 'pantry', 'snacks']",0.0,https://vsj.bites.com.my/collections/groceries/products/arnotts-milk-coffee-biscuits-250g,
megah japanese fresh udon noodle 600g,8.3,9,megah,"['except alcohol', 'groceries', 'pantry', 'pasta', 'rice & noodles']","['groceries', 'megah', 'noodles', 'on sale', 'pantry', 'udon']",10.0,https://vsj.bites.com.my/collections/groceries/products/megah-japanese-fresh-udon-noodle-600g,7.48
nestle kitkat 2f 6pk 6x17g,9.0,7,kit kat,"['except alcohol', 'groceries', 'pantry', 'snacks & sweets']","['chocolate', 'groceries', 'kit kat', 'pantry', 'snacks', 'sweets']",0.0,https://vsj.bites.com.my/collections/groceries/products/nestle-kitkat-2f-6pk-6x17g,
old town 3in1 w/cafe classic 15sx38g,19.8,126,old town,"['beverages', 'coffee & tea', 'except alcohol', 'groceries', 'hot beverages', 'pantry']","['beverages', 'coffee', 'groceries', 'hot beverages', 'old town', 'on sale', 'pantry']",10.0,https://vsj.bites.com.my/collections/groceries/products/old-town-3in1-w-cafe-classic-15sx38g,17.88
marigold 100% juice purple veggie 1l,7.35,11,marigold,"['beverages', 'christmas fair', 'except alcohol', 'groceries', 'juices & fruit drinks']","['beverages', 'christmas fair', 'fruit drinks', 'groceries', 'juices', 'marigold', 'on sale']",20.0,https://vsj.bites.com.my/collections/groceries/products/marigold-100-juice-purple-veggie-1l,5.88
barilla penne rigate 500g,8.4,4,barilla,"['except alcohol', 'groceries', 'pantry', 'pasta', 'pasta', 'rice & noodles']","['barilla', 'groceries', 'on sale', 'pantry', 'pasta']",14.0,https://vsj.bites.com.my/collections/groceries/products/barilla-penne-rigate-500g,7.28
maggi hot cup curry 58g,2.5,147,maggi,"['canned food & instant meals', 'except alcohol', 'groceries', 'pantry']","['groceries', 'instant food', 'instant meals', 'instant noodles', 'maggi', 'pantry']",0.0,https://vsj.bites.com.my/collections/groceries/products/maggi-hot-cup-curry-58g,
ayam brand tuna chunk in mineral water 150g,7.7,38,ayam brand,"['canned food & instant meals', 'except alcohol', 'groceries', 'pantry']","['ayam brand', 'canned food', 'groceries', 'instant meals', 'on sale', 'pantry']",3.0,https://vsj.bites.com.my/collections/groceries/products/ayam-brand-tuna-chunk-in-mineral-water-150g,7.49
cadbury dairy milk hazelnut 160g,9.6,17,cadbury,"['christmas fair', 'cny fair', 'except alcohol', 'groceries', 'pantry', 'snacks & sweets']","['cadbury', 'chocolate', 'christmas fair', 'cny fair', 'groceries', 'on sale', 'pantry', 'snacks', 'sweets']",12.0,https://vsj.bites.com.my/collections/groceries/products/cadbury-dairy-milk-hazelnut-160g,8.48
pringles hot & spicy 102g,7.8,42,pringles,"['chips & crackers', 'christmas fair', 'except alcohol', 'groceries', 'pantry', 'snacks & sweets']","['chips', 'christmas fair', 'groceries', 'on sale', 'pantry', 'pringles', 'snacks']",15.0,https://vsj.bites.com.my/collections/groceries/products/pringles-hot-spicy-102g,6.68
lotus caramelised biscuits (25s) 156gm,9.7,5,biscoff,"['biscuits & cookies', 'except alcohol', 'groceries', 'pantry', 'snacks & sweets']","['biscuits', 'cookies', 'groceries', 'lotus', 'lotus biscoff', 'pantry', 'snacks']",0.0,https://vsj.bites.com.my/collections/groceries/products/lotus-caramelised-biscuits-25s-156gm,
lotus caramelised biscuits (25s) 250gm,12.0,14,biscoff,"['biscuits & cookies', 'except alcohol', 'groceries', 'pantry', 'snacks & sweets']","['biscuits', 'cookies', 'groceries', 'lotus', 'lotus biscoff', 'on sale', 'pantry', 'snacks']",6.0,https://vsj.bites.com.my/collections/groceries/products/lotus-caramelised-biscuits-25s-250gm,11.28
pepperidge farm goldfish cheddar 187g,14.5,17,pepperidge farm,"['biscuits & cookies', 'christmas fair', 'except alcohol', 'groceries', 'pantry', 'snacks & sweets']","['biscuits', 'christmas fair', 'cookies', 'groceries', 'pantry', 'pepperidge farm', 'snacks']",0.0,https://vsj.bites.com.my/collections/groceries/products/pepperidge-farm-goldfish-cheddar-187g,
prego carbonara mushroom 290g,5.95,28,prego,"['cny fair', 'condiments & salad dressings', 'except alcohol', 'groceries', 'pantry', 'sauces', 'oil & vinegar']","['cny fair', 'condiments', 'groceries', 'on sale', 'pantry', 'pasta sauces', 'prego', 'sauces']",5.0,https://vsj.bites.com.my/collections/groceries/products/prego-carbonara-mushroom-290g,5.68
knorr chicken cube 12cubes,5.9,10,knorr,"['cooking ingredients', 'except alcohol', 'groceries', 'herbs & spices', 'pantry']","['groceries', 'knorr', 'pantry', 'seasoning']",0.0,https://vsj.bites.com.my/collections/groceries/products/knorr-chicken-cube-12cubes,
maggi chili sauce 340g,4.35,34,maggi,"['condiments & salad dressings', 'except alcohol', 'groceries', 'pantry', 'sauces', 'oil & vinegar']","['chilli sauce', 'condiments', 'groceries', 'maggi', 'pantry', 'sauces']",0.0,https://vsj.bites.com.my/collections/groceries/products/maggi-chili-sauce-340g,
hosen lychee 565g,10.1,68,hosen,"['cny fair', 'except alcohol', 'groceries', 'pantry']","['canned fruits', 'cny fair', 'groceries', 'hosen', 'on sale', 'pantry']",13.0,https://vsj.bites.com.my/collections/groceries/products/hosen-lychee-565g,8.88
barilla angel hair no.1 500g,8.15,20,barilla,"['except alcohol', 'groceries', 'pantry', 'pasta', 'pasta', 'rice & noodles']","['barilla', 'groceries', 'on sale', 'pantry', 'pasta']",11.0,https://vsj.bites.com.my/collections/groceries/products/barilla-angel-hair-no-1-500g,7.28
san remo vermicelli no.2 500gm,5.3,4,san remo,"['christmas fair', 'cny fair', 'except alcohol', 'groceries', 'pantry', 'pasta', 'pasta', 'rice & noodles']","['christmas fair', 'cny fair', 'groceries', 'noodles', 'on sale', 'pantry', 'pasta', 'san remo', 'vermicelli']",12.0,https://vsj.bites.com.my/collections/groceries/products/san-remo-vermicelli-no-2-500gm,4.68
arnotts scotch finger 250g,15.75,8,arnott's,"['biscuits & cookies', 'except alcohol', 'groceries', 'pantry', 'snacks & sweets']","[""arnott's"", 'biscuits', 'cookies', 'groceries', 'pantry', 'snacks']",0.0,https://vsj.bites.com.my/collections/groceries/products/arnotts-scotch-finger-250g,
sprite 1.5l,4.5,9,coca-cola,"['beverages', 'carbonated drinks', 'except alcohol', 'groceries']","['beverages', 'carbonated drinks', 'groceries', 'on sale', 'soda', 'sprite']",16.0,https://vsj.bites.com.my/collections/groceries/products/sprite-1-5l,3.78
sedaap mie goreng asli 5x90g,7.1,39,mi sedaap,"['canned food & instant meals', 'except alcohol', 'groceries', 'pantry']","['groceries', 'instant meals', 'instant noodles', 'mi sedaap', 'on sale', 'pantry']",12.0,https://vsj.bites.com.my/collections/groceries/products/sedaap-mie-goreng-asli-5x90g,6.29
ikan bilis kopek belah putih tempatan +/-100g,10.75,37,bites shop,"['except alcohol', 'groceries', 'nuts', 'seeds & dried goods', 'pantry']","['anchovies', 'dried goods', 'dried seafood', 'groceries', 'ikan bilis', 'pantry']",0.0,https://vsj.bites.com.my/collections/groceries/products/ikan-bilis-kopek-belah-putih-tempatan-100g,
spritzer sparkling mineral water 1l,3.9,49,spritzer,"['beverages', 'except alcohol', 'groceries', 'water']","['beverages', 'groceries', 'mineral water', 'spritzer', 'water']",0.0,https://vsj.bites.com.my/collections/groceries/products/spritzer-sparkling-mineral-water-1l,
maknyonya instant chicken curry sauce 200g,6.9,7,mak nyonya,"['cooking ingredients', 'except alcohol', 'groceries', 'herbs & spices', 'pantry', 'sauces', 'oil & vinegar']","['groceries', 'mak nyonya', 'pantry', 'sauces', 'seasoning']",0.0,https://vsj.bites.com.my/collections/groceries/products/maknyonya-instant-chicken-curry-sauce-200g,
tong garden salted peanuts 365gm,10.9,24,tong garden,"['cny fair', 'except alcohol', 'groceries', 'nuts', 'seeds & dried goods', 'pantry', 'snacks & sweets']","['cny fair', 'groceries', 'nuts', 'on sale', 'pantry', 'snacks', 'tong garden']",6.0,https://vsj.bites.com.my/collections/groceries/products/tong-garden-salted-peanuts-365gm,10.28
tong garden nutrione roasted salted pistachio 85g,9.5,5,tong garden,"['except alcohol', 'groceries', 'nuts', 'seeds & dried goods', 'pantry', 'snacks & sweets']","['groceries', 'nuts', 'on sale', 'pantry', 'snacks', 'tong garden']",11.0,https://vsj.bites.com.my/collections/groceries/products/tong-garden-nutrione-roasted-salted-pistachio-85g,8.48
maggi oyster sauce 500g,7.9,11,maggi,"['except alcohol', 'groceries', 'pantry', 'sauces', 'oil & vinegar']","['groceries', 'maggi', 'on sale', 'oyster sauce', 'pantry', 'sauces']",8.0,https://vsj.bites.com.my/collections/groceries/products/maggi-oyster-sauce-500g,7.28
maggi oyster sauce 340g,6.0,16,maggi,"['except alcohol', 'groceries', 'pantry', 'sauces', 'oil & vinegar']","['groceries', 'maggi', 'oyster sauce', 'pantry', 'sauces']",0.0,https://vsj.bites.com.my/collections/groceries/products/maggi-oyster-sauce-340g,
jasmine super 5 (import) 5kg,22.35,3,jasmine,"['except alcohol', 'groceries', 'pantry', 'pasta', 'rice & noodles', 'rice']","['grains', 'groceries', 'jasmine', 'on sale', 'pantry', 'rice']",12.0,https://vsj.bites.com.my/collections/groceries/products/jasmine-super-5-import-5kg,19.88
cirio whole peeled tomato 3x400gm,22.85,13,cirio,"['canned food & instant meals', 'christmas fair', 'except alcohol', 'groceries', 'pantry']","['canned food', 'christmas fair', 'cirio', 'groceries', 'instant meals', 'pantry']",0.0,https://vsj.bites.com.my/collections/groceries/products/cirio-whole-peeled-tomato-3x400gm,
arnotts mint slice choc biscuits 200g,15.75,11,arnotts,"['biscuits & cookies', 'except alcohol', 'groceries', 'october deals', 'pantry', 'snacks & sweets']","[""arnott's"", 'biscuits', 'cookies', 'groceries', 'october deals', 'pantry', 'snacks']",0.0,https://vsj.bites.com.my/collections/groceries/products/arnotts-mint-slice-choc-biscuits-200g,
